"Query"	"NodeId"	"ExtNodeId"	"Loc_start"
"GLKT0ZE01BL5ZY"	"195"	"753"	"620"
"GLKT0ZE01EAM3X"	"195"	"753"	"618"
"GLKT0ZE01A8ZID"	"195"	"753"	"610"
"GLKT0ZE01CWRFA"	"195"	"753"	"638"
"GLKT0ZE01EEQ2P"	"195"	"753"	"624"
"GLKT0ZE01BV36F"	"195"	"753"	"641"
"GLKT0ZE01C85M7"	"195"	"753"	"618"
"GLKT0ZE01C8DAG"	"195"	"753"	"630"
"GLKT0ZE01BXK80"	"195"	"753"	"624"
"GLKT0ZE01C0J61"	"195"	"753"	"618"
"GLKT0ZE01DYM25"	"195"	"753"	"620"
"GLKT0ZE01CWDVL"	"195"	"753"	"661"
"GLKT0ZE01DUE68"	"195"	"753"	"620"
"GLKT0ZE01AVDU6"	"195"	"753"	"601"
"GLKT0ZE01ARM1Q"	"195"	"753"	"598"
"GLKT0ZE01DMK2J"	"195"	"753"	"601"
"GLKT0ZE01B5M89"	"195"	"753"	"638"
"GLKT0ZE01DLR8P"	"195"	"753"	"620"
"GLKT0ZE01EUM8N"	"195"	"753"	"601"
"GLKT0ZE01D8AZ9"	"195"	"753"	"619"
"GLKT0ZE01EMORI"	"195"	"753"	"620"
"GLKT0ZE01CEKTP"	"195"	"753"	"624"
"GLKT0ZE01DBDC7"	"195"	"753"	"601"
"GLKT0ZE01AGFYB"	"195"	"753"	"601"
"GLKT0ZE01BDKNS"	"195"	"753"	"630"
"GLKT0ZE01BE31Z"	"195"	"753"	"624"
"GLKT0ZE01CILB4"	"195"	"753"	"624"
"GLKT0ZE01DM5E4"	"195"	"753"	"601"
"GLKT0ZE01DMTWJ"	"195"	"753"	"624"
"GLKT0ZE01AF43E"	"195"	"753"	"601"
"GLKT0ZE01DD4HI"	"195"	"753"	"624"
"GLKT0ZE01ANEOT"	"195"	"753"	"624"
"GLKT0ZE01DSC80"	"195"	"753"	"630"
"GLKT0ZE01DHAW8"	"195"	"753"	"624"
"GLKT0ZE01DOK2Q"	"195"	"753"	"624"
"GLKT0ZE01EGI05"	"195"	"753"	"643"
"GLKT0ZE01BABID"	"195"	"753"	"618"
"GLKT0ZE01C0OLW"	"195"	"753"	"624"
"GLKT0ZE01AUBRD"	"195"	"753"	"624"
"GLKT0ZE01A4K8I"	"195"	"753"	"620"
"GLKT0ZE01D76S9"	"195"	"753"	"620"
"GLKT0ZE01EK7G0"	"195"	"753"	"611"
"GLKT0ZE01BYE99"	"195"	"753"	"635"
"GLKT0ZE01B59PD"	"195"	"753"	"643"
"GLKT0ZE01ANZGJ"	"195"	"753"	"624"
"GLKT0ZE01DF2DI"	"195"	"753"	"661"
"GLKT0ZE01ELHHI"	"195"	"753"	"601"
"GLKT0ZE01B15J7"	"195"	"753"	"641"
"GLKT0ZE01DNL59"	"195"	"753"	"601"
"GLKT0ZE01EQ1KV"	"195"	"753"	"661"
"GLKT0ZE01BEYG6"	"195"	"753"	"611"
"GLKT0ZE01CQ2BU"	"195"	"753"	"607"
"GLKT0ZE01CWL7N"	"195"	"753"	"625"
"GLKT0ZE01AII3D"	"195"	"753"	"618"
"GLKT0ZE01DV7CV"	"195"	"753"	"620"
"GLKT0ZE01DHQ70"	"195"	"753"	"601"
"GLKT0ZE01AF9T6"	"195"	"753"	"601"
"GLKT0ZE01DFZG0"	"195"	"753"	"630"
"GLKT0ZE01C5O9S"	"195"	"753"	"630"
"GLKT0ZE01CSPEH"	"195"	"753"	"624"
"GLKT0ZE01C0CXZ"	"195"	"753"	"630"
"GLKT0ZE01AU1KG"	"195"	"753"	"612"
"GLKT0ZE01BGHWE"	"195"	"753"	"647"
"GLKT0ZE01CI9CF"	"195"	"753"	"601"
"GLKT0ZE01CSSCS"	"195"	"753"	"631"
"GLKT0ZE01CNDBZ"	"195"	"753"	"624"
"GLKT0ZE01CY8T4"	"195"	"753"	"611"
"GLKT0ZE01AWSTW"	"195"	"753"	"624"
"GLKT0ZE01DAH5O"	"195"	"753"	"624"
"GLKT0ZE01CERBI"	"195"	"753"	"624"
"GLKT0ZE01C1YGP"	"195"	"753"	"618"
"GLKT0ZE01ASRDP"	"195"	"753"	"624"
"GLKT0ZE01D5NTT"	"195"	"753"	"620"
"GLKT0ZE01CIRCJ"	"195"	"753"	"624"
"GLKT0ZE01BXNFO"	"195"	"753"	"624"
"GLKT0ZE01DYZ2J"	"195"	"753"	"601"
"GLKT0ZE01AMNDQ"	"195"	"753"	"620"
"GLKT0ZE01EIO8C"	"195"	"753"	"638"
"GLKT0ZE01BMGLE"	"195"	"753"	"624"
"GLKT0ZE01DLFJM"	"195"	"753"	"601"
"GLKT0ZE01DA56Z"	"195"	"753"	"620"
"GLKT0ZE01CKBV6"	"195"	"753"	"620"
"GLKT0ZE01BTXR2"	"394"	"853"	"620"
"GLKT0ZE01ERLF9"	"195"	"753"	"624"
"GLKT0ZE01APV7D"	"195"	"753"	"647"
"GLKT0ZE01C70KU"	"195"	"753"	"624"
"GLKT0ZE01BKRMJ"	"195"	"753"	"646"
"GLKT0ZE01A7SL1"	"195"	"753"	"624"
"GLKT0ZE01BX0YI"	"195"	"753"	"620"
"GLKT0ZE01EO150"	"195"	"753"	"601"
"GLKT0ZE01EFH5J"	"195"	"753"	"624"
"GLKT0ZE01BW4UV"	"195"	"753"	"601"
"GLKT0ZE01DBQOO"	"195"	"753"	"624"
"GLKT0ZE01EIRIG"	"195"	"753"	"601"
"GLKT0ZE01ARJLJ"	"195"	"753"	"624"
"GLKT0ZE01ED213"	"195"	"753"	"624"
"GLKT0ZE01CBAI6"	"195"	"753"	"620"
"GLKT0ZE01AZVQ1"	"195"	"753"	"601"
"GLKT0ZE01BMQRU"	"195"	"753"	"601"
"GLKT0ZE01AH2R9"	"195"	"753"	"624"
"GLKT0ZE01ASTQL"	"195"	"753"	"624"
"GLKT0ZE01BZT06"	"195"	"753"	"661"
"GLKT0ZE01AMILP"	"195"	"753"	"611"
"GLKT0ZE01DUWGJ"	"195"	"753"	"625"
"GLKT0ZE01DK4G4"	"195"	"753"	"630"
"GLKT0ZE01ATKDY"	"195"	"753"	"624"
"GLKT0ZE01BDTS6"	"195"	"753"	"620"
"GLKT0ZE01ENMHU"	"195"	"753"	"601"
"GLKT0ZE01CUUXA"	"195"	"753"	"646"
"GLKT0ZE01C8WMZ"	"195"	"753"	"601"
"GLKT0ZE01CR064"	"195"	"753"	"624"
"GLKT0ZE01CNF7R"	"195"	"753"	"620"
"GLKT0ZE01DXDG5"	"195"	"753"	"624"
"GLKT0ZE01D7QFN"	"195"	"753"	"624"
"GLKT0ZE01DF3CU"	"195"	"753"	"620"
"GLKT0ZE01CXBQ5"	"195"	"753"	"624"
"GLKT0ZE01C7L9D"	"195"	"753"	"624"
"GLKT0ZE01ATBL2"	"195"	"753"	"624"
"GLKT0ZE01DY40N"	"195"	"753"	"625"
"GLKT0ZE01AUL54"	"195"	"753"	"601"
"GLKT0ZE01B8JSY"	"195"	"753"	"634"
"GLKT0ZE01BBWF7"	"195"	"753"	"630"
"GLKT0ZE01EROUM"	"195"	"753"	"601"
"GLKT0ZE01E083P"	"195"	"753"	"601"
"GLKT0ZE01AEABN"	"195"	"753"	"601"
"GLKT0ZE01C9UIZ"	"195"	"753"	"624"
"GLKT0ZE01BE9C7"	"195"	"753"	"647"
"GLKT0ZE01CD4BJ"	"195"	"753"	"601"
"GLKT0ZE01BLD57"	"195"	"753"	"601"
"GLKT0ZE01CMUQH"	"195"	"753"	"630"
"GLKT0ZE01CEMM1"	"195"	"753"	"630"
"GLKT0ZE01AP5QP"	"195"	"753"	"646"
"GLKT0ZE01CSXPD"	"195"	"753"	"612"
"GLKT0ZE01AOIMX"	"195"	"753"	"601"
"GLKT0ZE01DDAUY"	"195"	"753"	"630"
"GLKT0ZE01AJDGU"	"195"	"753"	"630"
"GLKT0ZE01BSU90"	"195"	"753"	"624"
"GLKT0ZE01DJTIO"	"195"	"753"	"624"
"GLKT0ZE01DE9OT"	"195"	"753"	"601"
"GLKT0ZE01D9D8I"	"195"	"753"	"601"
"GLKT0ZE01CWDZ3"	"195"	"753"	"601"
"GLKT0ZE01DZFDT"	"195"	"753"	"635"
"GLKT0ZE01DNYI4"	"195"	"753"	"601"
"GLKT0ZE01AW7TD"	"195"	"753"	"638"
"GLKT0ZE01CT947"	"195"	"753"	"620"
"GLKT0ZE01B3CLI"	"195"	"753"	"624"
"GLKT0ZE01DCPYC"	"195"	"753"	"620"
"GLKT0ZE01A4HPF"	"195"	"753"	"630"
"GLKT0ZE01ERRTM"	"195"	"753"	"624"
"GLKT0ZE01D9NJH"	"195"	"753"	"624"
"GLKT0ZE01DZFX5"	"195"	"753"	"620"
"GLKT0ZE01DYVEV"	"195"	"753"	"624"
"GLKT0ZE01BMFW4"	"195"	"753"	"624"
"GLKT0ZE01CYQ1E"	"195"	"753"	"624"
"GLKT0ZE01EKZ4Z"	"195"	"753"	"630"
"GLKT0ZE01B3HDX"	"195"	"753"	"620"
"GLKT0ZE01EGJ4R"	"195"	"753"	"620"
"GLKT0ZE01D3LN9"	"195"	"753"	"646"
"GLKT0ZE01C939Q"	"195"	"753"	"624"
"GLKT0ZE01C59NP"	"195"	"753"	"661"
"GLKT0ZE01DIPM3"	"195"	"753"	"598"
"GLKT0ZE01CVOSB"	"195"	"753"	"624"
"GLKT0ZE01DS2YL"	"195"	"753"	"601"
"GLKT0ZE01DXVCC"	"195"	"753"	"620"
"GLKT0ZE01CZEX3"	"195"	"753"	"661"
"GLKT0ZE01CXMQL"	"195"	"753"	"610"
"GLKT0ZE01A3SSL"	"195"	"753"	"620"
"GLKT0ZE01DYUY5"	"195"	"753"	"601"
"GLKT0ZE01BEHKS"	"195"	"753"	"618"
"GLKT0ZE01AL0TL"	"195"	"753"	"624"
"GLKT0ZE01EKEAS"	"195"	"753"	"624"
"GLKT0ZE01AV6M0"	"195"	"753"	"601"
"GLKT0ZE01B9NPD"	"195"	"753"	"644"
"GLKT0ZE01BNPSK"	"195"	"753"	"612"
"GLKT0ZE01AU193"	"195"	"753"	"611"
"GLKT0ZE01ERL9F"	"195"	"753"	"624"
"GLKT0ZE01D9ZD8"	"195"	"753"	"624"
"GLKT0ZE01DLY0B"	"195"	"753"	"630"
"GLKT0ZE01A689X"	"195"	"753"	"624"
"GLKT0ZE01CIMVH"	"195"	"753"	"617"
"GLKT0ZE01EDYPL"	"195"	"753"	"625"
"GLKT0ZE01EN9ND"	"394"	"853"	"620"
"GLKT0ZE01APF7M"	"195"	"753"	"630"
"GLKT0ZE01AZOZB"	"195"	"753"	"625"
"GLKT0ZE01CCNA8"	"195"	"753"	"601"
"GLKT0ZE01AE27S"	"195"	"753"	"601"
"GLKT0ZE01EMC8I"	"195"	"753"	"611"
"Test3_S000005514_80-206_beginalign_fewseqs"	"653"	"983"	"132"
"GLKT0ZE01CZABU"	"195"	"753"	"620"
"GLKT0ZE01ECJ6B"	"195"	"753"	"610"
"GLKT0ZE01EJGM2"	"195"	"753"	"637"
"GLKT0ZE01CUL5F"	"195"	"753"	"598"
"GLKT0ZE01CHE2M"	"195"	"753"	"624"
"GLKT0ZE01BSUEN"	"195"	"753"	"601"
"GLKT0ZE01DF3K6"	"195"	"753"	"639"
"GLKT0ZE01ED9BC"	"195"	"753"	"624"
"GLKT0ZE01A13JJ"	"195"	"753"	"604"
"GLKT0ZE01A4YIF"	"195"	"753"	"620"
"GLKT0ZE01DAMLZ"	"195"	"753"	"638"
"GLKT0ZE01CEYOR"	"195"	"753"	"624"
"GLKT0ZE01DIYV6"	"195"	"753"	"620"
"GLKT0ZE01EN8WT"	"195"	"753"	"598"
"GLKT0ZE01DLX6F"	"195"	"753"	"611"
"GLKT0ZE01EHCX7"	"195"	"753"	"661"
"GLKT0ZE01ALPZP"	"195"	"753"	"601"
"GLKT0ZE01DXPK6"	"195"	"753"	"624"
"GLKT0ZE01BRDFL"	"195"	"753"	"612"
"GLKT0ZE01AKZ2L"	"195"	"753"	"620"
"GLKT0ZE01BIZ55"	"195"	"753"	"624"
"GLKT0ZE01EZG2N"	"195"	"753"	"600"
"GLKT0ZE01EJ8OJ"	"195"	"753"	"624"
"GLKT0ZE01C4NNB"	"195"	"753"	"620"
"GLKT0ZE01C7MEC"	"195"	"753"	"644"
"GLKT0ZE01DTXCF"	"195"	"753"	"601"
"GLKT0ZE01E1LYN"	"195"	"753"	"624"
"GLKT0ZE01EZQFK"	"195"	"753"	"624"
"GLKT0ZE01BND5T"	"195"	"753"	"643"
"GLKT0ZE01BEBXE"	"195"	"753"	"624"
"GLKT0ZE01EEOTJ"	"195"	"753"	"601"
"GLKT0ZE01A21TD"	"195"	"753"	"624"
"GLKT0ZE01D2YKL"	"195"	"753"	"624"
"GLKT0ZE01CZ1Y0"	"195"	"753"	"646"
"GLKT0ZE01A0S0F"	"195"	"753"	"624"
"GLKT0ZE01BOZYD"	"195"	"753"	"638"
"GLKT0ZE01BQ8X8"	"195"	"753"	"624"
"GLKT0ZE01CKVBS"	"195"	"753"	"618"
"GLKT0ZE01DGLAI"	"195"	"753"	"601"
"GLKT0ZE01C412B"	"195"	"753"	"611"
"GLKT0ZE01BSZGG"	"195"	"753"	"611"
"GLKT0ZE01BQX6M"	"195"	"753"	"624"
"GLKT0ZE01DDPMH"	"195"	"753"	"638"
"GLKT0ZE01CMB9B"	"195"	"753"	"601"
"GLKT0ZE01ER4O1"	"195"	"753"	"601"
"GLKT0ZE01ALB9L"	"195"	"753"	"601"
"GLKT0ZE01A4U5E"	"195"	"753"	"624"
"GLKT0ZE01ASJ59"	"195"	"753"	"624"
"GLKT0ZE01C4G6R"	"195"	"753"	"624"
"GLKT0ZE01ATP2Z"	"195"	"753"	"598"
"GLKT0ZE01BLQZN"	"195"	"753"	"611"
"GLKT0ZE01AJTJO"	"195"	"753"	"624"
"GLKT0ZE01A2UU6"	"195"	"753"	"620"
"GLKT0ZE01A0R63"	"195"	"753"	"624"
"GLKT0ZE01B1VSB"	"195"	"753"	"624"
"GLKT0ZE01DE7HR"	"195"	"753"	"624"
"GLKT0ZE01CRY96"	"195"	"753"	"638"
"GLKT0ZE01DAKQF"	"195"	"753"	"620"
"GLKT0ZE01ESHTH"	"195"	"753"	"624"
"GLKT0ZE01A0NEW"	"195"	"753"	"620"
"GLKT0ZE01E3CQ3"	"195"	"753"	"646"
"GLKT0ZE01A6PNU"	"195"	"753"	"624"
"GLKT0ZE01CY7L4"	"195"	"753"	"630"
"GLKT0ZE01D9A4R"	"195"	"753"	"620"
"GLKT0ZE01B3YMX"	"195"	"753"	"624"
"GLKT0ZE01DR7ID"	"195"	"753"	"624"
"GLKT0ZE01ED2PF"	"195"	"753"	"638"
"GLKT0ZE01C2BPM"	"195"	"753"	"605"
"GLKT0ZE01EPNYH"	"195"	"753"	"624"
"GLKT0ZE01A7SKZ"	"195"	"753"	"624"
"GLKT0ZE01EZXDS"	"195"	"753"	"624"
"GLKT0ZE01AMNQZ"	"195"	"753"	"624"
"GLKT0ZE01A4DGW"	"195"	"753"	"624"
"GLKT0ZE01EFLSY"	"195"	"753"	"604"
"GLKT0ZE01BBBQ8"	"195"	"753"	"624"
"GLKT0ZE01BIZRQ"	"195"	"753"	"624"
"GLKT0ZE01B8Y94"	"195"	"753"	"610"
"GLKT0ZE01A7QJG"	"195"	"753"	"609"
"GLKT0ZE01A6F1M"	"195"	"753"	"624"
"GLKT0ZE01EUAAF"	"195"	"753"	"624"
"GLKT0ZE01CAFZ2"	"195"	"753"	"601"
"GLKT0ZE01BYRSP"	"195"	"753"	"611"
"GLKT0ZE01CZCEY"	"195"	"753"	"624"
"GLKT0ZE01BXY59"	"195"	"753"	"618"
"GLKT0ZE01BVUFL"	"195"	"753"	"624"
"GLKT0ZE01CH1BF"	"195"	"753"	"624"
"GLKT0ZE01CM5XE"	"195"	"753"	"601"
"GLKT0ZE01DUG1J"	"195"	"753"	"630"
"GLKT0ZE01CM6YM"	"195"	"753"	"643"
"GLKT0ZE01A2A2W"	"195"	"753"	"624"
"GLKT0ZE01AFVBE"	"195"	"753"	"630"
"GLKT0ZE01DKSM5"	"195"	"753"	"646"
"GLKT0ZE01D387U"	"195"	"753"	"630"
"GLKT0ZE01D5TP0"	"195"	"753"	"630"
"GLKT0ZE01CDA0P"	"195"	"753"	"601"
"GLKT0ZE01CY7NI"	"195"	"753"	"643"
"GLKT0ZE01EB2W3"	"195"	"753"	"620"
"GLKT0ZE01AI2LV"	"195"	"753"	"620"
"GLKT0ZE01ELDJ4"	"195"	"753"	"635"
"GLKT0ZE01DAZ0R"	"195"	"753"	"601"
"GLKT0ZE01CQB0K"	"195"	"753"	"624"
"GLKT0ZE01E12G9"	"195"	"753"	"601"
"GLKT0ZE01D4R9I"	"195"	"753"	"630"
"GLKT0ZE01DX3BU"	"195"	"753"	"601"
"GLKT0ZE01BYD8Z"	"195"	"753"	"624"
"GLKT0ZE01AK13J"	"195"	"753"	"624"
"GLKT0ZE01CWIVJ"	"195"	"753"	"624"
"GLKT0ZE01D9X60"	"195"	"753"	"601"
"GLKT0ZE01C9FCM"	"195"	"753"	"624"
"GLKT0ZE01D4WE9"	"195"	"753"	"601"
"GLKT0ZE01BEFUB"	"195"	"753"	"620"
"GLKT0ZE01EPC94"	"195"	"753"	"638"
"GLKT0ZE01AZQ77"	"195"	"753"	"624"
"GLKT0ZE01AM0UX"	"195"	"753"	"630"
"GLKT0ZE01DT51H"	"195"	"753"	"611"
"GLKT0ZE01DGZ4H"	"195"	"753"	"630"
"GLKT0ZE01A8U0R"	"195"	"753"	"601"
"GLKT0ZE01DVEZ0"	"195"	"753"	"624"
"GLKT0ZE01DEOKQ"	"195"	"753"	"610"
"GLKT0ZE01ANQ0O"	"195"	"753"	"641"
"GLKT0ZE01D58OX"	"195"	"753"	"624"
"GLKT0ZE01C63T7"	"195"	"753"	"635"
"GLKT0ZE01CLHW0"	"195"	"753"	"624"
"GLKT0ZE01CPP09"	"195"	"753"	"601"
"GLKT0ZE01A550H"	"195"	"753"	"630"
"GLKT0ZE01A1CCD"	"195"	"753"	"624"
"GLKT0ZE01CBUYH"	"195"	"753"	"630"
"GLKT0ZE01C87UG"	"195"	"753"	"630"
"GLKT0ZE01BDIJG"	"195"	"753"	"654"
"GLKT0ZE01CN3X8"	"195"	"753"	"601"
"GLKT0ZE01EL4WT"	"195"	"753"	"624"
"GLKT0ZE01CKNW2"	"195"	"753"	"601"
"GLKT0ZE01C0OUL"	"195"	"753"	"601"
"GLKT0ZE01C5ZJB"	"195"	"753"	"624"
"GLKT0ZE01D6PTJ"	"195"	"753"	"601"
"GLKT0ZE01EC8FY"	"195"	"753"	"624"
"GLKT0ZE01ALY63"	"195"	"753"	"630"
"GLKT0ZE01BTSTZ"	"195"	"753"	"601"
"GLKT0ZE01CX6JI"	"195"	"753"	"620"
"GLKT0ZE01CF09Z"	"195"	"753"	"601"
"GLKT0ZE01D3F6Z"	"195"	"753"	"643"
"GLKT0ZE01AXDKS"	"195"	"753"	"601"
"GLKT0ZE01EGGFG"	"195"	"753"	"624"
"GLKT0ZE01A229Y"	"195"	"753"	"624"
"GLKT0ZE01DNPGF"	"195"	"753"	"601"
"GLKT0ZE01BCKGE"	"195"	"753"	"661"
"GLKT0ZE01CTNEE"	"195"	"753"	"630"
"GLKT0ZE01DXO7K"	"195"	"753"	"630"
"GLKT0ZE01BSEOE"	"195"	"753"	"601"
"GLKT0ZE01AUUNG"	"195"	"753"	"624"
"GLKT0ZE01BGHT5"	"195"	"753"	"624"
"GLKT0ZE01DCF3N"	"195"	"753"	"624"
"GLKT0ZE01AJ6TG"	"195"	"753"	"624"
"GLKT0ZE01DYI1N"	"195"	"753"	"624"
"GLKT0ZE01BGKJF"	"195"	"753"	"620"
"GLKT0ZE01D6QCQ"	"195"	"753"	"638"
"GLKT0ZE01DOTBH"	"195"	"753"	"651"
"GLKT0ZE01D4XQ9"	"195"	"753"	"601"
"GLKT0ZE01DNTLN"	"195"	"753"	"601"
"GLKT0ZE01CBI2X"	"195"	"753"	"625"
"GLKT0ZE01DRYBY"	"195"	"753"	"624"
"GLKT0ZE01D5QXR"	"195"	"753"	"624"
"GLKT0ZE01D7WOD"	"195"	"753"	"624"
"GLKT0ZE01BJSX5"	"195"	"753"	"620"
"GLKT0ZE01D7RKS"	"195"	"753"	"610"
"GLKT0ZE01D7EHR"	"195"	"753"	"624"
"GLKT0ZE01CXN7F"	"195"	"753"	"601"
"GLKT0ZE01CRLAF"	"195"	"753"	"624"
"GLKT0ZE01E0K7O"	"195"	"753"	"620"
"GLKT0ZE01AS880"	"195"	"753"	"601"
"GLKT0ZE01CK96B"	"195"	"753"	"643"
"GLKT0ZE01BV9IE"	"195"	"753"	"624"
"GLKT0ZE01DQ9FH"	"195"	"753"	"624"
"GLKT0ZE01DUPSA"	"195"	"753"	"646"
"GLKT0ZE01EK4NY"	"195"	"753"	"601"
"GLKT0ZE01D0OGK"	"195"	"753"	"630"
"GLKT0ZE01EKQLY"	"195"	"753"	"624"
"GLKT0ZE01CJJF2"	"195"	"753"	"624"
"GLKT0ZE01C5PT4"	"195"	"753"	"630"
"GLKT0ZE01D9ERN"	"195"	"753"	"620"
"GLKT0ZE01EN2CD"	"195"	"753"	"601"
"GLKT0ZE01CZO3Q"	"195"	"753"	"620"
"GLKT0ZE01B789O"	"195"	"753"	"624"
"GLKT0ZE01DN4IG"	"195"	"753"	"630"
"GLKT0ZE01AUB2R"	"195"	"753"	"618"
"GLKT0ZE01AU0Y2"	"195"	"753"	"638"
"GLKT0ZE01B9MYG"	"195"	"753"	"598"
"GLKT0ZE01AUR3Y"	"195"	"753"	"625"
"GLKT0ZE01CE69R"	"195"	"753"	"601"
"GLKT0ZE01DS8JA"	"195"	"753"	"620"
"GLKT0ZE01BM0M3"	"195"	"753"	"620"
"GLKT0ZE01BVYNU"	"195"	"753"	"624"
"GLKT0ZE01CVMRS"	"195"	"753"	"652"
"GLKT0ZE01C9HXQ"	"195"	"753"	"624"
"GLKT0ZE01EB37Y"	"195"	"753"	"624"
"GLKT0ZE01DIJZQ"	"195"	"753"	"601"
"GLKT0ZE01AMZWS"	"195"	"753"	"624"
"GLKT0ZE01EPGPD"	"195"	"753"	"624"
"GLKT0ZE01A27JG"	"195"	"753"	"624"
"GLKT0ZE01EYGYR"	"195"	"753"	"624"
"GLKT0ZE01BLHN1"	"195"	"753"	"612"
"GLKT0ZE01BHJXY"	"195"	"753"	"630"
"GLKT0ZE01D48M1"	"195"	"753"	"624"
"GLKT0ZE01DRL19"	"195"	"753"	"624"
"GLKT0ZE01C0XEY"	"195"	"753"	"624"
"GLKT0ZE01B2EWB"	"195"	"753"	"601"
"GLKT0ZE01DFWYU"	"195"	"753"	"624"
"GLKT0ZE01EPJ1W"	"195"	"753"	"620"
"GLKT0ZE01CT4QV"	"195"	"753"	"643"
"GLKT0ZE01EHI8P"	"195"	"753"	"624"
"GLKT0ZE01BTQAX"	"195"	"753"	"650"
"GLKT0ZE01EAOLP"	"195"	"753"	"601"
"GLKT0ZE01EBRBY"	"195"	"753"	"625"
"GLKT0ZE01BMD0C"	"195"	"753"	"624"
"GLKT0ZE01BDW7H"	"195"	"753"	"601"
"GLKT0ZE01CZH3E"	"195"	"753"	"611"
"GLKT0ZE01DB8VC"	"195"	"753"	"601"
"GLKT0ZE01A35HY"	"195"	"753"	"620"
"GLKT0ZE01CXGI9"	"195"	"753"	"624"
"GLKT0ZE01AOYDT"	"195"	"753"	"643"
"GLKT0ZE01DTYTK"	"195"	"753"	"624"
"GLKT0ZE01EPH83"	"195"	"753"	"624"
"GLKT0ZE01C7R8W"	"195"	"753"	"620"
"GLKT0ZE01CDFPS"	"195"	"753"	"624"
"GLKT0ZE01AK4D4"	"195"	"753"	"638"
"GLKT0ZE01CCE6R"	"195"	"753"	"630"
"GLKT0ZE01CJFYR"	"195"	"753"	"624"
"GLKT0ZE01ENIGR"	"195"	"753"	"624"
"GLKT0ZE01DIJ3W"	"195"	"753"	"647"
"GLKT0ZE01D529M"	"195"	"753"	"638"
"GLKT0ZE01EC2WM"	"195"	"753"	"601"
"GLKT0ZE01EO9GF"	"195"	"753"	"628"
"GLKT0ZE01BS9GM"	"195"	"753"	"644"
"GLKT0ZE01DGF7P"	"195"	"753"	"601"
"GLKT0ZE01BAXYI"	"195"	"753"	"620"
"GLKT0ZE01A795U"	"195"	"753"	"620"
"GLKT0ZE01CNGKT"	"195"	"753"	"630"
"GLKT0ZE01EEBWX"	"195"	"753"	"624"
"GLKT0ZE01DC4S8"	"195"	"753"	"630"
"GLKT0ZE01BBRVP"	"195"	"753"	"610"
"GLKT0ZE01A8GUZ"	"195"	"753"	"601"
"GLKT0ZE01CK1AO"	"195"	"753"	"624"
"GLKT0ZE01EMR3V"	"195"	"753"	"624"
"GLKT0ZE01EIMV5"	"195"	"753"	"610"
"GLKT0ZE01CMA6Y"	"195"	"753"	"620"
"GLKT0ZE01DFYM3"	"195"	"753"	"620"
"GLKT0ZE01DPO80"	"195"	"753"	"598"
"GLKT0ZE01BI3M9"	"195"	"753"	"624"
"GLKT0ZE01DNJL6"	"195"	"753"	"624"
"GLKT0ZE01CGNPC"	"195"	"753"	"601"
"GLKT0ZE01B32PR"	"195"	"753"	"601"
"GLKT0ZE01COALJ"	"195"	"753"	"653"
"GLKT0ZE01COALJ"	"591"	"953"	"1572"
"GLKT0ZE01EMN2N"	"195"	"753"	"620"
"GLKT0ZE01EF5OA"	"195"	"753"	"630"
"GLKT0ZE01B9MS2"	"195"	"753"	"610"
"GLKT0ZE01DZFEM"	"195"	"753"	"619"
"GLKT0ZE01EAVQ9"	"195"	"753"	"624"
"GLKT0ZE01AQ50I"	"195"	"753"	"601"
"GLKT0ZE01AILA3"	"195"	"753"	"624"
"GLKT0ZE01DOZX6"	"195"	"753"	"647"
"GLKT0ZE01DCP3V"	"195"	"753"	"601"
"GLKT0ZE01DLKFY"	"195"	"753"	"601"
"GLKT0ZE01COK82"	"195"	"753"	"601"
"GLKT0ZE01C5BSL"	"195"	"753"	"601"
"GLKT0ZE01AQRUW"	"195"	"753"	"624"
"GLKT0ZE01DJYJ2"	"195"	"753"	"620"
"GLKT0ZE01C4FBC"	"195"	"753"	"661"
"GLKT0ZE01DUCPP"	"195"	"753"	"624"
"GLKT0ZE01AT1UK"	"195"	"753"	"634"
"GLKT0ZE01BAU3U"	"195"	"753"	"624"
"GLKT0ZE01C7T60"	"195"	"753"	"601"
"GLKT0ZE01BMC6H"	"195"	"753"	"624"
"GLKT0ZE01B8IG6"	"195"	"753"	"624"
"GLKT0ZE01D6FOD"	"195"	"753"	"624"
"GLKT0ZE01D41NU"	"195"	"753"	"601"
"GLKT0ZE01BP8E6"	"195"	"753"	"624"
"GLKT0ZE01CM7DT"	"195"	"753"	"630"
"GLKT0ZE01ELGZ8"	"195"	"753"	"610"
"GLKT0ZE01CYHAW"	"195"	"753"	"644"
"GLKT0ZE01AMKDW"	"195"	"753"	"624"
"GLKT0ZE01EVWLH"	"195"	"753"	"610"
"GLKT0ZE01CAERY"	"195"	"753"	"620"
"GLKT0ZE01A9S5T"	"195"	"753"	"618"
"GLKT0ZE01EB253"	"195"	"753"	"630"
"GLKT0ZE01A96PC"	"195"	"753"	"620"
"GLKT0ZE01DSUE3"	"195"	"753"	"601"
"GLKT0ZE01CXYPI"	"195"	"753"	"635"
"GLKT0ZE01BZGUW"	"195"	"753"	"624"
"GLKT0ZE01EWBVN"	"195"	"753"	"643"
"GLKT0ZE01C518T"	"195"	"753"	"601"
"GLKT0ZE01AIA4X"	"195"	"753"	"634"
"GLKT0ZE01EQE5W"	"195"	"753"	"601"
"GLKT0ZE01DI5VJ"	"195"	"753"	"630"
"GLKT0ZE01C8V50"	"195"	"753"	"652"
"GLKT0ZE01BWG0B"	"195"	"753"	"624"
"GLKT0ZE01AIQEY"	"195"	"753"	"630"
"GLKT0ZE01CI2P7"	"195"	"753"	"620"
"GLKT0ZE01BOIMI"	"195"	"753"	"620"
"GLKT0ZE01BOB1W"	"195"	"753"	"611"
"GLKT0ZE01CGFOK"	"195"	"753"	"624"
"GLKT0ZE01D1GRT"	"195"	"753"	"610"
"GLKT0ZE01CI3FT"	"195"	"753"	"646"
"GLKT0ZE01EF2DE"	"195"	"753"	"634"
"GLKT0ZE01BF626"	"195"	"753"	"601"
"GLKT0ZE01E0UQJ"	"195"	"753"	"646"
"GLKT0ZE01DAHXJ"	"195"	"753"	"661"
"GLKT0ZE01B3SVP"	"195"	"753"	"620"
"GLKT0ZE01AHEI3"	"195"	"753"	"601"
"GLKT0ZE01CWSDM"	"195"	"753"	"624"
"GLKT0ZE01AN1LN"	"195"	"753"	"624"
"GLKT0ZE01DIGT1"	"195"	"753"	"624"
"GLKT0ZE01BMP2F"	"195"	"753"	"643"
"GLKT0ZE01DPNAT"	"195"	"753"	"643"
"GLKT0ZE01DSNZ4"	"195"	"753"	"630"
"GLKT0ZE01D0C3P"	"195"	"753"	"620"
"GLKT0ZE01BZG12"	"195"	"753"	"624"
"GLKT0ZE01EBF14"	"195"	"753"	"620"
"GLKT0ZE01CKRUC"	"195"	"753"	"624"
"GLKT0ZE01B8O85"	"195"	"753"	"620"
"GLKT0ZE01CKD9H"	"394"	"853"	"620"
"GLKT0ZE01BM7FF"	"195"	"753"	"601"
"GLKT0ZE01AM0WB"	"195"	"753"	"661"
"GLKT0ZE01DG7KV"	"195"	"753"	"620"
"GLKT0ZE01DMKE9"	"195"	"753"	"624"
"GLKT0ZE01B8S8K"	"195"	"753"	"620"
"GLKT0ZE01D1WGL"	"195"	"753"	"646"
"GLKT0ZE01BG2XF"	"195"	"753"	"609"
"GLKT0ZE01B2PO5"	"195"	"753"	"611"
"GLKT0ZE01BHXHZ"	"195"	"753"	"630"
"GLKT0ZE01AS8AC"	"195"	"753"	"641"
"GLKT0ZE01D7UEI"	"195"	"753"	"601"
"GLKT0ZE01EG03H"	"195"	"753"	"630"
"GLKT0ZE01A2WTA"	"195"	"753"	"624"
"GLKT0ZE01C2M63"	"195"	"753"	"624"
"GLKT0ZE01A0LG5"	"195"	"753"	"620"
"GLKT0ZE01C406E"	"195"	"753"	"620"
"GLKT0ZE01DNODO"	"195"	"753"	"599"
"GLKT0ZE01ESJTD"	"195"	"753"	"624"
"GLKT0ZE01D3Q5V"	"195"	"753"	"601"
"GLKT0ZE01DZLOG"	"195"	"753"	"643"
"GLKT0ZE01D7CAU"	"195"	"753"	"630"
"GLKT0ZE01EKUV9"	"195"	"753"	"643"
"GLKT0ZE01E3B7C"	"195"	"753"	"601"
"GLKT0ZE01BTZ3G"	"195"	"753"	"638"
"GLKT0ZE01AHKC0"	"195"	"753"	"624"
"GLKT0ZE01C0CXT"	"195"	"753"	"601"
"GLKT0ZE01BNXM0"	"195"	"753"	"601"
"GLKT0ZE01AJ5F4"	"195"	"753"	"611"
"GLKT0ZE01AHEQK"	"195"	"753"	"630"
"GLKT0ZE01BYZ9B"	"195"	"753"	"601"
"GLKT0ZE01AJVPQ"	"195"	"753"	"624"
"GLKT0ZE01CNU5K"	"195"	"753"	"624"
"GLKT0ZE01AITC1"	"195"	"753"	"630"
"GLKT0ZE01A2UJR"	"195"	"753"	"601"
"GLKT0ZE01ATTFM"	"195"	"753"	"601"
"GLKT0ZE01EEUCQ"	"195"	"753"	"624"
"GLKT0ZE01EDYLF"	"195"	"753"	"624"
"GLKT0ZE01ED3XX"	"195"	"753"	"624"
"GLKT0ZE01AYHW9"	"195"	"753"	"624"
"GLKT0ZE01CWZSU"	"195"	"753"	"624"
"GLKT0ZE01C4ZWI"	"195"	"753"	"610"
"GLKT0ZE01BZZXC"	"195"	"753"	"630"
"GLKT0ZE01ATV77"	"195"	"753"	"624"
"GLKT0ZE01ESZ6X"	"195"	"753"	"601"
"GLKT0ZE01EJGPB"	"195"	"753"	"624"
"GLKT0ZE01C2E6T"	"195"	"753"	"620"
"GLKT0ZE01AE28O"	"195"	"753"	"624"
"GLKT0ZE01BGHCF"	"195"	"753"	"610"
"GLKT0ZE01BVBF6"	"195"	"753"	"624"
"GLKT0ZE01COL8M"	"195"	"753"	"620"
"GLKT0ZE01ESSL4"	"195"	"753"	"624"
"GLKT0ZE01D5BE6"	"195"	"753"	"630"
"GLKT0ZE01C467Y"	"195"	"753"	"601"
"GLKT0ZE01BRYYZ"	"195"	"753"	"624"
"GLKT0ZE01ECACO"	"195"	"753"	"633"
"GLKT0ZE01CV3PP"	"195"	"753"	"620"
"GLKT0ZE01ED4XW"	"195"	"753"	"624"
"GLKT0ZE01ETSQC"	"195"	"753"	"624"
"GLKT0ZE01EFP50"	"195"	"753"	"644"
"GLKT0ZE01D5JVE"	"195"	"753"	"620"
"GLKT0ZE01APFG2"	"195"	"753"	"611"
"GLKT0ZE01BYYUC"	"195"	"753"	"630"
"GLKT0ZE01EQAGU"	"195"	"753"	"624"
"GLKT0ZE01EF4MJ"	"195"	"753"	"630"
"GLKT0ZE01EM9U1"	"195"	"753"	"630"
"GLKT0ZE01AZW9J"	"195"	"753"	"601"
"GLKT0ZE01DXTA2"	"195"	"753"	"620"
"GLKT0ZE01A6NNW"	"195"	"753"	"611"
"GLKT0ZE01DR7E2"	"195"	"753"	"643"
"GLKT0ZE01C5VU7"	"195"	"753"	"630"
"GLKT0ZE01A8MMC"	"195"	"753"	"598"
"GLKT0ZE01DRFJY"	"195"	"753"	"624"
"GLKT0ZE01ASGPR"	"195"	"753"	"638"
"GLKT0ZE01ALCXK"	"195"	"753"	"601"
"GLKT0ZE01ER5MP"	"195"	"753"	"624"
"GLKT0ZE01B7KUH"	"195"	"753"	"620"
"GLKT0ZE01CDA39"	"195"	"753"	"625"
"GLKT0ZE01CKNWC"	"195"	"753"	"643"
"GLKT0ZE01AKEAJ"	"195"	"753"	"601"
"GLKT0ZE01AKSJ3"	"195"	"753"	"624"
"GLKT0ZE01CM6QP"	"195"	"753"	"630"
"GLKT0ZE01BN8RL"	"195"	"753"	"601"
"GLKT0ZE01CLW6I"	"195"	"753"	"624"
"GLKT0ZE01B6J9X"	"195"	"753"	"618"
"GLKT0ZE01AGL8Y"	"195"	"753"	"638"
"GLKT0ZE01CGKQO"	"195"	"753"	"601"
"GLKT0ZE01AYTE9"	"195"	"753"	"630"
"GLKT0ZE01BSEBQ"	"195"	"753"	"630"
"GLKT0ZE01AWF70"	"195"	"753"	"635"
"GLKT0ZE01D0BGW"	"195"	"753"	"601"
"GLKT0ZE01DCRC6"	"195"	"753"	"601"
"GLKT0ZE01AS8PD"	"195"	"753"	"625"
"GLKT0ZE01BXITS"	"195"	"753"	"624"
"GLKT0ZE01AKNCK"	"195"	"753"	"601"
"GLKT0ZE01EAN5V"	"195"	"753"	"638"
"GLKT0ZE01EOMRT"	"195"	"753"	"624"
"GLKT0ZE01CKZ3E"	"195"	"753"	"598"
"GLKT0ZE01EAFYD"	"195"	"753"	"620"
"GLKT0ZE01EAIDA"	"195"	"753"	"624"
"GLKT0ZE01BG97B"	"195"	"753"	"647"
"GLKT0ZE01B2I79"	"195"	"753"	"630"
"GLKT0ZE01AHXIQ"	"195"	"753"	"611"
"GLKT0ZE01DUD1B"	"195"	"753"	"601"
"GLKT0ZE01CFH0F"	"195"	"753"	"620"
"GLKT0ZE01DQNF0"	"195"	"753"	"624"
"GLKT0ZE01EHEEA"	"195"	"753"	"624"
"GLKT0ZE01EBGQJ"	"195"	"753"	"601"
"GLKT0ZE01C0C8T"	"195"	"753"	"624"
"GLKT0ZE01BSG3F"	"195"	"753"	"620"
"GLKT0ZE01C4V2T"	"195"	"753"	"601"
"GLKT0ZE01A4FIP"	"195"	"753"	"618"
"GLKT0ZE01BZZQQ"	"195"	"753"	"624"
"GLKT0ZE01EN50O"	"195"	"753"	"601"
"GLKT0ZE01AFHUH"	"195"	"753"	"625"
"GLKT0ZE01DD17O"	"195"	"753"	"630"
"GLKT0ZE01DRNUT"	"195"	"753"	"598"
"GLKT0ZE01C6T4C"	"195"	"753"	"643"
"GLKT0ZE01DTBSC"	"195"	"753"	"624"
"GLKT0ZE01EQDEJ"	"195"	"753"	"598"
"GLKT0ZE01EMRJP"	"195"	"753"	"620"
"GLKT0ZE01C118M"	"195"	"753"	"601"
"GLKT0ZE01A6SPI"	"195"	"753"	"601"
"GLKT0ZE01AUSPA"	"195"	"753"	"611"
"GLKT0ZE01D0971"	"195"	"753"	"624"
"GLKT0ZE01CFHSN"	"195"	"753"	"624"
"GLKT0ZE01C4GBN"	"195"	"753"	"624"
"GLKT0ZE01B2UIY"	"195"	"753"	"644"
"GLKT0ZE01BDCCN"	"195"	"753"	"624"
"GLKT0ZE01B1SB4"	"195"	"753"	"601"
"GLKT0ZE01ARM22"	"994"	"1153"	"638"
"GLKT0ZE01A57GC"	"195"	"753"	"638"
"GLKT0ZE01EI17Z"	"195"	"753"	"601"
"GLKT0ZE01CUEIO"	"195"	"753"	"601"
"GLKT0ZE01C65WU"	"195"	"753"	"601"
"GLKT0ZE01DLTYV"	"195"	"753"	"624"
"GLKT0ZE01A0XDQ"	"195"	"753"	"630"
"GLKT0ZE01B46SF"	"195"	"753"	"618"
"GLKT0ZE01EBCIE"	"195"	"753"	"646"
"GLKT0ZE01B1FMB"	"195"	"753"	"601"
"GLKT0ZE01DMF1T"	"195"	"753"	"635"
"GLKT0ZE01C0Y0N"	"195"	"753"	"618"
"GLKT0ZE01D8R2U"	"195"	"753"	"644"
"GLKT0ZE01EOVRW"	"195"	"753"	"624"
"GLKT0ZE01D7JQO"	"195"	"753"	"601"
"GLKT0ZE01AV7ZO"	"195"	"753"	"625"
"GLKT0ZE01B6P98"	"195"	"753"	"624"
"GLKT0ZE01EZ1MI"	"195"	"753"	"624"
"GLKT0ZE01C2MHU"	"195"	"753"	"630"
"GLKT0ZE01D394D"	"195"	"753"	"630"
"GLKT0ZE01B9WIP"	"195"	"753"	"644"
"GLKT0ZE01DFBDC"	"195"	"753"	"624"
"GLKT0ZE01EFH2H"	"195"	"753"	"624"
"GLKT0ZE01CODX8"	"195"	"753"	"620"
"GLKT0ZE01A9UIV"	"195"	"753"	"661"
"GLKT0ZE01EV2ED"	"195"	"753"	"624"
"GLKT0ZE01DG6C2"	"195"	"753"	"661"
"GLKT0ZE01CZOF6"	"195"	"753"	"620"
"GLKT0ZE01C3NCA"	"195"	"753"	"624"
"GLKT0ZE01D0WIY"	"195"	"753"	"624"
"GLKT0ZE01AHPX9"	"195"	"753"	"646"
"GLKT0ZE01DUU09"	"195"	"753"	"601"
"GLKT0ZE01EAHV1"	"195"	"753"	"625"
"GLKT0ZE01DG2G9"	"195"	"753"	"624"
"GLKT0ZE01BIZMD"	"195"	"753"	"601"
"GLKT0ZE01EXH3B"	"195"	"753"	"618"
"GLKT0ZE01CEJEE"	"195"	"753"	"638"
"GLKT0ZE01D5WFG"	"195"	"753"	"601"
"GLKT0ZE01AX3LQ"	"195"	"753"	"618"
"GLKT0ZE01DXM2R"	"195"	"753"	"624"
"GLKT0ZE01EL9AU"	"195"	"753"	"624"
"GLKT0ZE01COOIO"	"195"	"753"	"646"
"GLKT0ZE01DSGP2"	"195"	"753"	"624"
"GLKT0ZE01CI0QK"	"195"	"753"	"610"
"GLKT0ZE01EOJJW"	"195"	"753"	"604"
"GLKT0ZE01D1Z3H"	"394"	"853"	"620"
"GLKT0ZE01AZY1R"	"195"	"753"	"620"
"GLKT0ZE01EG0BL"	"195"	"753"	"601"
"GLKT0ZE01BE312"	"195"	"753"	"601"
"GLKT0ZE01CU939"	"195"	"753"	"646"
"GLKT0ZE01DKFGS"	"195"	"753"	"620"
"GLKT0ZE01AZB3C"	"195"	"753"	"624"
"GLKT0ZE01B3OFY"	"195"	"753"	"598"
"GLKT0ZE01AX035"	"195"	"753"	"601"
"GLKT0ZE01D6047"	"195"	"753"	"643"
"GLKT0ZE01EDJX1"	"195"	"753"	"601"
"GLKT0ZE01A3OON"	"195"	"753"	"598"
"GLKT0ZE01CC6GQ"	"195"	"753"	"630"
"GLKT0ZE01CYR6H"	"195"	"753"	"615"
"GLKT0ZE01AHEW0"	"195"	"753"	"624"
"GLKT0ZE01CVPCL"	"394"	"853"	"620"
"GLKT0ZE01BSYYF"	"195"	"753"	"625"
"GLKT0ZE01DJOGU"	"195"	"753"	"624"
"GLKT0ZE01DKS17"	"195"	"753"	"601"
"GLKT0ZE01EF1BE"	"195"	"753"	"601"
"GLKT0ZE01D0KJX"	"195"	"753"	"630"
"GLKT0ZE01BMFZT"	"195"	"753"	"611"
"GLKT0ZE01B70QU"	"195"	"753"	"624"
"GLKT0ZE01DB4Q0"	"394"	"853"	"620"
"GLKT0ZE01C989S"	"195"	"753"	"630"
"GLKT0ZE01AF3RT"	"195"	"753"	"612"
"GLKT0ZE01DYC2F"	"195"	"753"	"624"
"GLKT0ZE01EG2AD"	"195"	"753"	"624"
"GLKT0ZE01AWBQX"	"195"	"753"	"624"
"GLKT0ZE01CWOJK"	"195"	"753"	"624"
"GLKT0ZE01D0ZE3"	"195"	"753"	"635"
"GLKT0ZE01C697A"	"195"	"753"	"651"
"GLKT0ZE01DJ4GP"	"195"	"753"	"601"
"GLKT0ZE01C9GDG"	"195"	"753"	"643"
"GLKT0ZE01EO9A0"	"195"	"753"	"624"
"GLKT0ZE01EGPCN"	"195"	"753"	"643"
"GLKT0ZE01EES4M"	"195"	"753"	"630"
"GLKT0ZE01ALSM0"	"195"	"753"	"638"
"GLKT0ZE01CFQYG"	"195"	"753"	"618"
"GLKT0ZE01EHD4N"	"195"	"753"	"601"
"GLKT0ZE01BSJQ2"	"195"	"753"	"598"
"GLKT0ZE01D3W0G"	"195"	"753"	"646"
"GLKT0ZE01B6O6J"	"195"	"753"	"624"
"GLKT0ZE01AM4LN"	"195"	"753"	"643"
"GLKT0ZE01CKRBM"	"195"	"753"	"635"
"GLKT0ZE01BOSSM"	"195"	"753"	"624"
"GLKT0ZE01CPKQR"	"195"	"753"	"620"
"GLKT0ZE01BWIFO"	"195"	"753"	"619"
"GLKT0ZE01C6T21"	"195"	"753"	"624"
"GLKT0ZE01BU39K"	"195"	"753"	"624"
"GLKT0ZE01D8KW3"	"195"	"753"	"625"
"GLKT0ZE01EJKA6"	"195"	"753"	"624"
"GLKT0ZE01BLO3H"	"195"	"753"	"601"
"GLKT0ZE01DS2VF"	"195"	"753"	"624"
"GLKT0ZE01E0OUS"	"195"	"753"	"611"
"GLKT0ZE01CVXM5"	"195"	"753"	"624"
"GLKT0ZE01CXAZ3"	"195"	"753"	"598"
"GLKT0ZE01CP948"	"195"	"753"	"643"
"GLKT0ZE01A2RDQ"	"195"	"753"	"643"
"GLKT0ZE01CPLFX"	"195"	"753"	"624"
"GLKT0ZE01AVN1L"	"195"	"753"	"601"
"GLKT0ZE01E2KAU"	"195"	"753"	"661"
"GLKT0ZE01EN689"	"195"	"753"	"623"
"GLKT0ZE01CWFHM"	"195"	"753"	"611"
"GLKT0ZE01CN2I2"	"195"	"753"	"635"
"GLKT0ZE01APL5S"	"195"	"753"	"630"
"GLKT0ZE01CA4FA"	"195"	"753"	"601"
"GLKT0ZE01EZG5Z"	"195"	"753"	"620"
"GLKT0ZE01A1VE4"	"195"	"753"	"661"
"GLKT0ZE01CXTHN"	"195"	"753"	"638"
"GLKT0ZE01CZG1Y"	"195"	"753"	"601"
"GLKT0ZE01CD2TW"	"195"	"753"	"624"
"GLKT0ZE01C4L0G"	"195"	"753"	"598"
"GLKT0ZE01D356D"	"195"	"753"	"624"
"GLKT0ZE01DEHP0"	"195"	"753"	"619"
"GLKT0ZE01CQQUO"	"195"	"753"	"643"
"GLKT0ZE01CMPB1"	"195"	"753"	"601"
"GLKT0ZE01BQAGH"	"195"	"753"	"601"
"GLKT0ZE01B2G8Y"	"195"	"753"	"661"
"GLKT0ZE01ERISV"	"195"	"753"	"630"
"GLKT0ZE01BVXP7"	"195"	"753"	"611"
"GLKT0ZE01APE1O"	"195"	"753"	"601"
"GLKT0ZE01BGT78"	"195"	"753"	"643"
"GLKT0ZE01B9GZB"	"195"	"753"	"601"
"GLKT0ZE01DGIOZ"	"195"	"753"	"601"
"GLKT0ZE01CFS5Y"	"195"	"753"	"601"
"GLKT0ZE01B2CSS"	"195"	"753"	"618"
"GLKT0ZE01E0PY4"	"195"	"753"	"624"
"GLKT0ZE01C70M5"	"195"	"753"	"601"
"GLKT0ZE01DXTCP"	"394"	"853"	"620"
"GLKT0ZE01CL233"	"195"	"753"	"601"
"GLKT0ZE01EQCPM"	"195"	"753"	"624"
"GLKT0ZE01BKHUF"	"195"	"753"	"624"
"GLKT0ZE01AWK3C"	"195"	"753"	"650"
"GLKT0ZE01DNEF3"	"195"	"753"	"630"
"GLKT0ZE01DKP7U"	"195"	"753"	"630"
"GLKT0ZE01DQASX"	"195"	"753"	"630"
"GLKT0ZE01EKYQ4"	"195"	"753"	"630"
"GLKT0ZE01D6VEU"	"195"	"753"	"624"
"GLKT0ZE01AY5ZU"	"195"	"753"	"643"
"GLKT0ZE01D8DKB"	"195"	"753"	"624"
"GLKT0ZE01BI05X"	"195"	"753"	"601"
"GLKT0ZE01EE0W7"	"195"	"753"	"661"
"GLKT0ZE01BRIIK"	"195"	"753"	"630"
"GLKT0ZE01DIRAO"	"195"	"753"	"624"
"GLKT0ZE01DEX5G"	"195"	"753"	"624"
"GLKT0ZE01AZXAB"	"195"	"753"	"609"
"GLKT0ZE01DDM0T"	"195"	"753"	"620"
"GLKT0ZE01CUSHK"	"195"	"753"	"624"
"GLKT0ZE01BFK03"	"195"	"753"	"624"
"GLKT0ZE01BE5AF"	"195"	"753"	"619"
"GLKT0ZE01B36XG"	"195"	"753"	"661"
"GLKT0ZE01BVPLH"	"195"	"753"	"611"
"GLKT0ZE01AMYD6"	"195"	"753"	"601"
"GLKT0ZE01B0PPJ"	"195"	"753"	"624"
"GLKT0ZE01EFFE4"	"195"	"753"	"630"
"GLKT0ZE01A3DBO"	"195"	"753"	"624"
"GLKT0ZE01CAJIO"	"195"	"753"	"624"
"GLKT0ZE01A1RUZ"	"195"	"753"	"620"
"GLKT0ZE01BV327"	"195"	"753"	"624"
"GLKT0ZE01ENH3S"	"195"	"753"	"644"
"GLKT0ZE01C7J33"	"195"	"753"	"630"
"GLKT0ZE01CTSDF"	"195"	"753"	"646"
"GLKT0ZE01AH8GP"	"195"	"753"	"651"
"GLKT0ZE01A8HZY"	"195"	"753"	"624"
"GLKT0ZE01C6VVX"	"195"	"753"	"624"
"GLKT0ZE01DJJNI"	"195"	"753"	"624"
"GLKT0ZE01ASXH4"	"195"	"753"	"643"
"GLKT0ZE01DJ192"	"195"	"753"	"644"
"GLKT0ZE01DQZQP"	"195"	"753"	"641"
"GLKT0ZE01EQ7QI"	"195"	"753"	"618"
"GLKT0ZE01CIQUV"	"195"	"753"	"610"
"GLKT0ZE01DAIF3"	"195"	"753"	"644"
"GLKT0ZE01DARVX"	"195"	"753"	"630"
"GLKT0ZE01D2LWF"	"195"	"753"	"625"
"GLKT0ZE01A740Y"	"195"	"753"	"624"
"GLKT0ZE01DI54R"	"195"	"753"	"601"
"GLKT0ZE01DPBV8"	"195"	"753"	"601"
"GLKT0ZE01EL3IB"	"195"	"753"	"618"
"GLKT0ZE01CD5XO"	"195"	"753"	"611"
"GLKT0ZE01D7NRM"	"195"	"753"	"624"
"GLKT0ZE01C28AQ"	"195"	"753"	"661"
"GLKT0ZE01B8GZM"	"195"	"753"	"620"
"GLKT0ZE01AFHJM"	"195"	"753"	"620"
"GLKT0ZE01C2QQS"	"195"	"753"	"601"
"GLKT0ZE01BDY5A"	"195"	"753"	"624"
"GLKT0ZE01BFAI4"	"195"	"753"	"624"
"GLKT0ZE01C1SIV"	"195"	"753"	"639"
"GLKT0ZE01DU9IW"	"195"	"753"	"620"
"GLKT0ZE01C1K00"	"195"	"753"	"643"
"GLKT0ZE01COXYL"	"195"	"753"	"620"
"GLKT0ZE01AS97C"	"195"	"753"	"620"
"GLKT0ZE01A2LGG"	"195"	"753"	"598"
"GLKT0ZE01CLT4S"	"195"	"753"	"624"
"GLKT0ZE01CZH00"	"195"	"753"	"630"
"GLKT0ZE01D46L9"	"195"	"753"	"620"
"GLKT0ZE01B1OJW"	"195"	"753"	"624"
"GLKT0ZE01DMLBT"	"195"	"753"	"601"
"GLKT0ZE01CE60L"	"195"	"753"	"620"
"GLKT0ZE01BK5FC"	"195"	"753"	"625"
"GLKT0ZE01E2TLD"	"195"	"753"	"601"
"GLKT0ZE01DE7PK"	"195"	"753"	"620"
"GLKT0ZE01DZ975"	"195"	"753"	"624"
"GLKT0ZE01ENA0Z"	"195"	"753"	"624"
"GLKT0ZE01BQB7W"	"195"	"753"	"630"
"GLKT0ZE01C050L"	"195"	"753"	"620"
"GLKT0ZE01A1O0T"	"195"	"753"	"601"
"GLKT0ZE01DFIFE"	"195"	"753"	"630"
"GLKT0ZE01CVWTQ"	"195"	"753"	"643"
"GLKT0ZE01EA08R"	"195"	"753"	"630"
"GLKT0ZE01ANNQJ"	"195"	"753"	"630"
"GLKT0ZE01DMBJD"	"195"	"753"	"601"
"GLKT0ZE01DP9QA"	"195"	"753"	"647"
"GLKT0ZE01B9XIS"	"195"	"753"	"624"
"GLKT0ZE01ECBNU"	"195"	"753"	"624"
"GLKT0ZE01EN5CA"	"195"	"753"	"624"
"GLKT0ZE01AW1LC"	"195"	"753"	"646"
"GLKT0ZE01EUX66"	"195"	"753"	"630"
"GLKT0ZE01BXJRD"	"195"	"753"	"604"
"GLKT0ZE01E0489"	"195"	"753"	"624"
"GLKT0ZE01B5VZN"	"195"	"753"	"624"
"GLKT0ZE01DLKCG"	"195"	"753"	"624"
"GLKT0ZE01EE8L3"	"195"	"753"	"624"
"GLKT0ZE01CGY4M"	"195"	"753"	"601"
"GLKT0ZE01CDGCW"	"195"	"753"	"601"
"GLKT0ZE01ATALJ"	"195"	"753"	"601"
"GLKT0ZE01CC1K7"	"195"	"753"	"618"
"GLKT0ZE01CG182"	"195"	"753"	"661"
"GLKT0ZE01ASTJ1"	"195"	"753"	"601"
"GLKT0ZE01CUPRI"	"195"	"753"	"628"
"GLKT0ZE01AHVJP"	"195"	"753"	"643"
"GLKT0ZE01CMLLO"	"195"	"753"	"661"
"GLKT0ZE01BPNE9"	"195"	"753"	"630"
"GLKT0ZE01CS0EU"	"195"	"753"	"624"
"GLKT0ZE01BOYL6"	"195"	"753"	"625"
"GLKT0ZE01EVW53"	"195"	"753"	"624"
"GLKT0ZE01CA5K0"	"195"	"753"	"630"
"GLKT0ZE01B416H"	"195"	"753"	"624"
"GLKT0ZE01CL0BS"	"195"	"753"	"624"
"GLKT0ZE01DSJHN"	"195"	"753"	"611"
"GLKT0ZE01EACGG"	"195"	"753"	"646"
"GLKT0ZE01B2J5N"	"195"	"753"	"601"
"GLKT0ZE01CGO63"	"195"	"753"	"625"
"GLKT0ZE01EESHW"	"195"	"753"	"601"
"GLKT0ZE01BECG8"	"195"	"753"	"647"
"GLKT0ZE01CNYN8"	"195"	"753"	"630"
"GLKT0ZE01EJ9YT"	"195"	"753"	"630"
"GLKT0ZE01AO1KH"	"195"	"753"	"604"
"GLKT0ZE01CECUP"	"195"	"753"	"611"
"GLKT0ZE01BJEUG"	"195"	"753"	"601"
"GLKT0ZE01BUZ9K"	"195"	"753"	"624"
"GLKT0ZE01BS09H"	"195"	"753"	"601"
"GLKT0ZE01AIEJ9"	"195"	"753"	"620"
"GLKT0ZE01DKFD6"	"195"	"753"	"601"
"GLKT0ZE01CUQ8G"	"195"	"753"	"631"
"GLKT0ZE01BL0KK"	"195"	"753"	"601"
"GLKT0ZE01AJZL1"	"195"	"753"	"601"
"GLKT0ZE01DDHCH"	"195"	"753"	"624"
"GLKT0ZE01B9AEF"	"195"	"753"	"624"
"GLKT0ZE01DNV7P"	"195"	"753"	"620"
"GLKT0ZE01BWZE3"	"195"	"753"	"630"
"GLKT0ZE01EIZGC"	"195"	"753"	"611"
"GLKT0ZE01BW4FV"	"195"	"753"	"624"
"GLKT0ZE01DO6U7"	"195"	"753"	"624"
"GLKT0ZE01EGQOT"	"195"	"753"	"624"
"GLKT0ZE01B8WZE"	"195"	"753"	"639"
"GLKT0ZE01APC5J"	"195"	"753"	"630"
"GLKT0ZE01DYPL7"	"195"	"753"	"620"
"GLKT0ZE01BYG5Q"	"195"	"753"	"630"
"GLKT0ZE01ATVQ5"	"195"	"753"	"604"
"GLKT0ZE01EKRPP"	"195"	"753"	"643"
"GLKT0ZE01BED44"	"195"	"753"	"630"
"GLKT0ZE01CN0I0"	"195"	"753"	"624"
"GLKT0ZE01C6UAY"	"195"	"753"	"624"
"GLKT0ZE01EKV3R"	"195"	"753"	"620"
"GLKT0ZE01BC2T9"	"195"	"753"	"601"
"GLKT0ZE01A9CND"	"195"	"753"	"638"
"GLKT0ZE01E2A3V"	"195"	"753"	"624"
"GLKT0ZE01CIPLD"	"195"	"753"	"630"
"GLKT0ZE01DTOHH"	"195"	"753"	"624"
"GLKT0ZE01ASWHY"	"195"	"753"	"624"
"GLKT0ZE01DV49J"	"195"	"753"	"601"
"GLKT0ZE01ELFZ4"	"195"	"753"	"624"
"GLKT0ZE01CNTDH"	"195"	"753"	"630"
"GLKT0ZE01C2YNX"	"195"	"753"	"610"
"GLKT0ZE01EGMYP"	"195"	"753"	"620"
"GLKT0ZE01BQWG2"	"195"	"753"	"620"
"GLKT0ZE01CL7LE"	"195"	"753"	"624"
"GLKT0ZE01ES1KX"	"195"	"753"	"620"
"GLKT0ZE01DU2YD"	"195"	"753"	"624"
"GLKT0ZE01A7CPE"	"195"	"753"	"624"
"GLKT0ZE01A6RYF"	"195"	"753"	"643"
"GLKT0ZE01BLUA3"	"195"	"753"	"611"
"GLKT0ZE01AZ0PL"	"195"	"753"	"661"
"GLKT0ZE01A3RV8"	"195"	"753"	"624"
"GLKT0ZE01D92XB"	"195"	"753"	"630"
"GLKT0ZE01ADROD"	"195"	"753"	"624"
"GLKT0ZE01EKFUK"	"195"	"753"	"624"
"GLKT0ZE01BLD0L"	"195"	"753"	"646"
"GLKT0ZE01DHLVC"	"195"	"753"	"625"
"GLKT0ZE01D5CZ5"	"195"	"753"	"621"
"GLKT0ZE01BBPMJ"	"195"	"753"	"624"
"GLKT0ZE01EFP9F"	"195"	"753"	"624"
"GLKT0ZE01AUSJJ"	"195"	"753"	"620"
"GLKT0ZE01C2KWF"	"195"	"753"	"620"
"GLKT0ZE01A8HQM"	"195"	"753"	"620"
"GLKT0ZE01BY7KM"	"195"	"753"	"661"
"GLKT0ZE01AH1WU"	"195"	"753"	"624"
"GLKT0ZE01CRN64"	"195"	"753"	"624"
"GLKT0ZE01DKKKO"	"195"	"753"	"601"
"GLKT0ZE01BM4MX"	"195"	"753"	"601"
"GLKT0ZE01EY3ZK"	"195"	"753"	"624"
"GLKT0ZE01EIQP7"	"195"	"753"	"611"
"GLKT0ZE01CUIGH"	"195"	"753"	"620"
"GLKT0ZE01EYOY4"	"195"	"753"	"624"
"GLKT0ZE01AGENH"	"195"	"753"	"601"
"GLKT0ZE01CQ1P1"	"195"	"753"	"625"
"GLKT0ZE01EUCEU"	"195"	"753"	"635"
"GLKT0ZE01EMZ74"	"195"	"753"	"624"
"GLKT0ZE01C3J5M"	"195"	"753"	"630"
"GLKT0ZE01D6JS1"	"195"	"753"	"624"
"GLKT0ZE01AVXRX"	"195"	"753"	"618"
"GLKT0ZE01EDYVI"	"195"	"753"	"610"
"GLKT0ZE01CMS9B"	"195"	"753"	"610"
"GLKT0ZE01ECJVN"	"195"	"753"	"598"
"GLKT0ZE01A7YX9"	"195"	"753"	"624"
"GLKT0ZE01C1RUI"	"195"	"753"	"624"
"GLKT0ZE01D7XG7"	"195"	"753"	"630"
"GLKT0ZE01DM0VJ"	"195"	"753"	"638"
"GLKT0ZE01DQ7D7"	"195"	"753"	"601"
"GLKT0ZE01ES9W5"	"195"	"753"	"620"
"GLKT0ZE01CSHHR"	"195"	"753"	"620"
"GLKT0ZE01CC4D1"	"195"	"753"	"620"
"GLKT0ZE01CSORJ"	"195"	"753"	"609"
"GLKT0ZE01DMLC2"	"195"	"753"	"598"
"GLKT0ZE01AUZPA"	"195"	"753"	"620"
"GLKT0ZE01A65J9"	"195"	"753"	"601"
"GLKT0ZE01C0D8X"	"195"	"753"	"601"
"GLKT0ZE01CJK9E"	"195"	"753"	"638"
"GLKT0ZE01AR7GQ"	"195"	"753"	"618"
"GLKT0ZE01BMVG3"	"195"	"753"	"610"
"GLKT0ZE01DITVB"	"195"	"753"	"621"
"GLKT0ZE01B46V5"	"195"	"753"	"624"
"GLKT0ZE01AF0BL"	"195"	"753"	"630"
"GLKT0ZE01D028U"	"195"	"753"	"630"
"GLKT0ZE01DF4BJ"	"195"	"753"	"601"
"GLKT0ZE01CMSRX"	"195"	"753"	"625"
"GLKT0ZE01DO3KP"	"195"	"753"	"624"
"GLKT0ZE01BMXT8"	"195"	"753"	"620"
"GLKT0ZE01AOA5Z"	"195"	"753"	"630"
"GLKT0ZE01CTMG4"	"195"	"753"	"601"
"GLKT0ZE01EMCON"	"195"	"753"	"624"
"GLKT0ZE01ERNJU"	"195"	"753"	"620"
"GLKT0ZE01A45QT"	"195"	"753"	"620"
"GLKT0ZE01AH4NR"	"195"	"753"	"620"
"GLKT0ZE01BM72P"	"195"	"753"	"624"
"GLKT0ZE01C0987"	"195"	"753"	"630"
"GLKT0ZE01A642C"	"195"	"753"	"620"
"GLKT0ZE01AM2BW"	"195"	"753"	"601"
"GLKT0ZE01D6RXY"	"195"	"753"	"643"
"GLKT0ZE01A9VOG"	"195"	"753"	"642"
"GLKT0ZE01BBDL5"	"195"	"753"	"601"
"GLKT0ZE01BD6IH"	"195"	"753"	"624"
"GLKT0ZE01BT64K"	"195"	"753"	"625"
"GLKT0ZE01DX7OG"	"195"	"753"	"624"
"GLKT0ZE01EE02U"	"195"	"753"	"630"
"GLKT0ZE01ETUEY"	"195"	"753"	"624"
"GLKT0ZE01B5L2R"	"195"	"753"	"597"
"GLKT0ZE01DR17T"	"195"	"753"	"638"
"GLKT0ZE01D708G"	"195"	"753"	"601"
"GLKT0ZE01EPPXX"	"195"	"753"	"601"
"GLKT0ZE01BD25Y"	"195"	"753"	"628"
"GLKT0ZE01DPCCF"	"195"	"753"	"624"
"GLKT0ZE01CFHTM"	"195"	"753"	"601"
"GLKT0ZE01AJR2S"	"195"	"753"	"612"
"GLKT0ZE01CAT8Y"	"195"	"753"	"624"
"GLKT0ZE01D3UF3"	"195"	"753"	"624"
"GLKT0ZE01AF77B"	"195"	"753"	"620"
"GLKT0ZE01EJYRK"	"195"	"753"	"624"
"GLKT0ZE01CK89P"	"195"	"753"	"624"
"GLKT0ZE01ATW7T"	"195"	"753"	"630"
"GLKT0ZE01BXHVJ"	"195"	"753"	"601"
"GLKT0ZE01CTRK9"	"195"	"753"	"630"
"GLKT0ZE01DM0CE"	"195"	"753"	"624"
"GLKT0ZE01D12TB"	"195"	"753"	"651"
"GLKT0ZE01EDRM7"	"195"	"753"	"643"
"GLKT0ZE01BP2RY"	"195"	"753"	"624"
"GLKT0ZE01BEOID"	"195"	"753"	"620"
"GLKT0ZE01EN874"	"195"	"753"	"661"
"GLKT0ZE01DOJA1"	"195"	"753"	"624"
"GLKT0ZE01B8FZR"	"195"	"753"	"638"
"GLKT0ZE01EUD2J"	"195"	"753"	"624"
"GLKT0ZE01BTSL9"	"195"	"753"	"624"
"GLKT0ZE01CSRS1"	"195"	"753"	"620"
"GLKT0ZE01CMPQI"	"195"	"753"	"624"
"GLKT0ZE01BPIFC"	"195"	"753"	"611"
"GLKT0ZE01DR73V"	"195"	"753"	"624"
"GLKT0ZE01BQMD9"	"195"	"753"	"611"
"GLKT0ZE01D76T5"	"195"	"753"	"620"
"GLKT0ZE01DPUXU"	"195"	"753"	"624"
"GLKT0ZE01DJH4H"	"195"	"753"	"619"
"GLKT0ZE01BUBZT"	"195"	"753"	"624"
"GLKT0ZE01AV98J"	"195"	"753"	"612"
"GLKT0ZE01A13BF"	"195"	"753"	"601"
"GLKT0ZE01BZQKT"	"195"	"753"	"601"
"GLKT0ZE01EYN8Z"	"195"	"753"	"601"
"GLKT0ZE01DT1X6"	"195"	"753"	"598"
"GLKT0ZE01BG55P"	"195"	"753"	"624"
"GLKT0ZE01BJGI3"	"195"	"753"	"618"
"GLKT0ZE01AUUU3"	"195"	"753"	"624"
"GLKT0ZE01CQ57I"	"195"	"753"	"598"
"GLKT0ZE01DRUG1"	"195"	"753"	"601"
"GLKT0ZE01B13KY"	"195"	"753"	"601"
"GLKT0ZE01ESTWD"	"195"	"753"	"620"
"GLKT0ZE01BHL6R"	"195"	"753"	"630"
"GLKT0ZE01B90RN"	"195"	"753"	"620"
"GLKT0ZE01B3WHR"	"195"	"753"	"620"
"GLKT0ZE01CPKPD"	"195"	"753"	"624"
"GLKT0ZE01CPBRM"	"195"	"753"	"638"
"GLKT0ZE01BKW3E"	"195"	"753"	"630"
"GLKT0ZE01C6RK9"	"195"	"753"	"646"
"GLKT0ZE01BE86U"	"195"	"753"	"624"
"GLKT0ZE01B5K03"	"195"	"753"	"624"
"GLKT0ZE01C3Z3R"	"195"	"753"	"601"
"GLKT0ZE01BF02Z"	"195"	"753"	"624"
"GLKT0ZE01BZTU6"	"195"	"753"	"620"
"GLKT0ZE01DOOZ5"	"195"	"753"	"620"
"GLKT0ZE01BW47Z"	"195"	"753"	"643"
"GLKT0ZE01BHWJN"	"195"	"753"	"601"
"GLKT0ZE01AKV9V"	"195"	"753"	"624"
"GLKT0ZE01EAUCQ"	"195"	"753"	"624"
"GLKT0ZE01A7E20"	"195"	"753"	"624"
"GLKT0ZE01ELJ7Y"	"195"	"753"	"646"
"GLKT0ZE01BTYBB"	"195"	"753"	"624"
"GLKT0ZE01CMLRE"	"195"	"753"	"601"
"GLKT0ZE01ANZP0"	"195"	"753"	"601"
"GLKT0ZE01CTVWR"	"195"	"753"	"624"
"GLKT0ZE01BTLM0"	"195"	"753"	"611"
"GLKT0ZE01AGDES"	"195"	"753"	"624"
"GLKT0ZE01EIHVV"	"195"	"753"	"624"
"GLKT0ZE01D093J"	"195"	"753"	"630"
"GLKT0ZE01A5B09"	"195"	"753"	"601"
"GLKT0ZE01D97ZX"	"195"	"753"	"624"
"GLKT0ZE01CO9E1"	"195"	"753"	"624"
"GLKT0ZE01AX9HR"	"195"	"753"	"624"
"GLKT0ZE01A5AE8"	"195"	"753"	"598"
"GLKT0ZE01CKL9Z"	"195"	"753"	"601"
"GLKT0ZE01B3PEK"	"195"	"753"	"620"
"GLKT0ZE01A049B"	"195"	"753"	"620"
"GLKT0ZE01CBA34"	"195"	"753"	"620"
"GLKT0ZE01ASAYT"	"195"	"753"	"624"
"GLKT0ZE01A1WFL"	"195"	"753"	"647"
"GLKT0ZE01AYV9I"	"195"	"753"	"601"
"GLKT0ZE01BP3DJ"	"195"	"753"	"624"
"GLKT0ZE01EZ61T"	"195"	"753"	"624"
"GLKT0ZE01BLHC0"	"195"	"753"	"601"
"GLKT0ZE01EAMN8"	"195"	"753"	"624"
"GLKT0ZE01DJ9Q1"	"195"	"753"	"601"
"GLKT0ZE01CIT9C"	"394"	"853"	"624"
"GLKT0ZE01CING0"	"195"	"753"	"601"
"GLKT0ZE01AJFDD"	"195"	"753"	"624"
"GLKT0ZE01B9FRU"	"195"	"753"	"620"
"GLKT0ZE01B7MJ4"	"195"	"753"	"638"
"GLKT0ZE01CSUXP"	"195"	"753"	"643"
"GLKT0ZE01B2ZS0"	"195"	"753"	"612"
"GLKT0ZE01EVV1I"	"195"	"753"	"601"
"GLKT0ZE01DXBA5"	"195"	"753"	"601"
"GLKT0ZE01CQ2HX"	"195"	"753"	"620"
"GLKT0ZE01ASG5K"	"195"	"753"	"601"
"GLKT0ZE01BIET2"	"195"	"753"	"630"
"GLKT0ZE01BY7Z9"	"195"	"753"	"643"
"GLKT0ZE01EW9O4"	"195"	"753"	"620"
"GLKT0ZE01AL6G1"	"195"	"753"	"624"
"GLKT0ZE01CS7I4"	"195"	"753"	"625"
"GLKT0ZE01C2ARA"	"195"	"753"	"601"
"GLKT0ZE01DW63M"	"195"	"753"	"611"
"GLKT0ZE01AS6UU"	"195"	"753"	"601"
"GLKT0ZE01EDDWZ"	"195"	"753"	"624"
"GLKT0ZE01B2FCK"	"195"	"753"	"624"
"GLKT0ZE01DWLY8"	"195"	"753"	"601"
"GLKT0ZE01C57IJ"	"195"	"753"	"638"
"GLKT0ZE01BVIRO"	"195"	"753"	"625"
"GLKT0ZE01CXIGL"	"195"	"753"	"630"
"GLKT0ZE01DEFX1"	"195"	"753"	"601"
"GLKT0ZE01EO4EA"	"195"	"753"	"624"
"GLKT0ZE01A5G5F"	"195"	"753"	"601"
"GLKT0ZE01AN0K5"	"195"	"753"	"624"
"GLKT0ZE01AK8PQ"	"195"	"753"	"647"
"GLKT0ZE01D9ECG"	"195"	"753"	"620"
"GLKT0ZE01BU1YV"	"195"	"753"	"611"
"GLKT0ZE01EGJX5"	"195"	"753"	"601"
"GLKT0ZE01D7X6R"	"195"	"753"	"630"
"GLKT0ZE01EOMQO"	"195"	"753"	"630"
"GLKT0ZE01BCMMP"	"195"	"753"	"624"
"GLKT0ZE01ECQB8"	"195"	"753"	"630"
"GLKT0ZE01AOOP3"	"195"	"753"	"611"
"GLKT0ZE01B7MBX"	"195"	"753"	"601"
"GLKT0ZE01AWMAL"	"195"	"753"	"601"
"GLKT0ZE01BTVXB"	"195"	"753"	"638"
"GLKT0ZE01A9X8Z"	"195"	"753"	"625"
"GLKT0ZE01CL2DT"	"195"	"753"	"630"
"GLKT0ZE01EUQDN"	"195"	"753"	"619"
"GLKT0ZE01CVRJB"	"195"	"753"	"620"
"GLKT0ZE01EIPE4"	"195"	"753"	"601"
"GLKT0ZE01AI22W"	"195"	"753"	"624"
"GLKT0ZE01B2WPQ"	"195"	"753"	"628"
"GLKT0ZE01CC8B9"	"195"	"753"	"624"
"GLKT0ZE01APSJM"	"195"	"753"	"638"
"GLKT0ZE01CQJQ4"	"195"	"753"	"630"
"GLKT0ZE01CDZRC"	"195"	"753"	"620"
"GLKT0ZE01DB7UP"	"195"	"753"	"601"
"GLKT0ZE01AL6AC"	"195"	"753"	"646"
"GLKT0ZE01A0BZG"	"195"	"753"	"620"
"GLKT0ZE01D4YE4"	"195"	"753"	"601"
"GLKT0ZE01EQKKA"	"195"	"753"	"624"
"GLKT0ZE01C5RGR"	"195"	"753"	"625"
"GLKT0ZE01DSX42"	"195"	"753"	"624"
"GLKT0ZE01A0ZPJ"	"195"	"753"	"601"
"GLKT0ZE01EKRM4"	"195"	"753"	"624"
"GLKT0ZE01C5MFE"	"195"	"753"	"624"
"GLKT0ZE01AUXOX"	"195"	"753"	"643"
"GLKT0ZE01E0F6E"	"195"	"753"	"624"
"GLKT0ZE01DMOPL"	"195"	"753"	"611"
"GLKT0ZE01C8YHJ"	"195"	"753"	"620"
"GLKT0ZE01BXVMS"	"195"	"753"	"624"
"GLKT0ZE01DMXFV"	"195"	"753"	"624"
"GLKT0ZE01B9NPG"	"195"	"753"	"624"
"GLKT0ZE01E1B73"	"195"	"753"	"661"
"GLKT0ZE01AV5XO"	"195"	"753"	"601"
"GLKT0ZE01C5L01"	"195"	"753"	"624"
"GLKT0ZE01AZA7N"	"195"	"753"	"598"
"GLKT0ZE01AOOY9"	"195"	"753"	"624"
"GLKT0ZE01CFECU"	"195"	"753"	"643"
"GLKT0ZE01B6LZD"	"394"	"853"	"620"
"GLKT0ZE01DQHFZ"	"195"	"753"	"598"
"GLKT0ZE01DGFDJ"	"195"	"753"	"624"
"GLKT0ZE01EQRW0"	"195"	"753"	"620"
"GLKT0ZE01CA5AD"	"195"	"753"	"624"
"GLKT0ZE01EHMFL"	"195"	"753"	"601"
"GLKT0ZE01CW63P"	"195"	"753"	"620"
"GLKT0ZE01DZCTL"	"195"	"753"	"624"
"GLKT0ZE01CREJZ"	"195"	"753"	"618"
"GLKT0ZE01DXODP"	"195"	"753"	"643"
"GLKT0ZE01B1CW5"	"195"	"753"	"624"
"GLKT0ZE01CTHB6"	"195"	"753"	"601"
"GLKT0ZE01CO93N"	"195"	"753"	"624"
"GLKT0ZE01C0SQ5"	"195"	"753"	"620"
"GLKT0ZE01D5REW"	"195"	"753"	"624"
"GLKT0ZE01AD6HZ"	"195"	"753"	"630"
"GLKT0ZE01EMGXD"	"195"	"753"	"630"
"GLKT0ZE01AX0RI"	"195"	"753"	"601"
"GLKT0ZE01DM0Q6"	"195"	"753"	"620"
"GLKT0ZE01EGWZY"	"195"	"753"	"624"
"GLKT0ZE01B2C53"	"195"	"753"	"624"
"GLKT0ZE01AXJ9E"	"195"	"753"	"601"
"GLKT0ZE01C8V7A"	"195"	"753"	"624"
"GLKT0ZE01CO43R"	"195"	"753"	"624"
"GLKT0ZE01CB945"	"195"	"753"	"620"
"GLKT0ZE01CMT6V"	"195"	"753"	"620"
"GLKT0ZE01AHTR6"	"195"	"753"	"624"
"GLKT0ZE01CAJNS"	"195"	"753"	"611"
"GLKT0ZE01EU4FX"	"195"	"753"	"601"
"GLKT0ZE01B7EXY"	"195"	"753"	"624"
"GLKT0ZE01C9B01"	"195"	"753"	"646"
"GLKT0ZE01DM9RU"	"195"	"753"	"624"
"GLKT0ZE01EQRYY"	"195"	"753"	"601"
"GLKT0ZE01DVYN3"	"195"	"753"	"601"
"GLKT0ZE01C78L8"	"195"	"753"	"643"
"GLKT0ZE01E3SKA"	"195"	"753"	"601"
"GLKT0ZE01CARG6"	"195"	"753"	"624"
"GLKT0ZE01A81HE"	"195"	"753"	"601"
"GLKT0ZE01ERYLI"	"195"	"753"	"611"
"GLKT0ZE01EBP8I"	"195"	"753"	"611"
"GLKT0ZE01BHAB6"	"195"	"753"	"601"
"GLKT0ZE01ENVHM"	"195"	"753"	"624"
"GLKT0ZE01B6IJS"	"195"	"753"	"630"
"GLKT0ZE01A8N29"	"195"	"753"	"630"
"GLKT0ZE01EZJTP"	"195"	"753"	"624"
"GLKT0ZE01B44QC"	"195"	"753"	"624"
"GLKT0ZE01DKD61"	"195"	"753"	"630"
"GLKT0ZE01BTLFL"	"195"	"753"	"601"
"GLKT0ZE01CBGHG"	"195"	"753"	"630"
"GLKT0ZE01BA690"	"195"	"753"	"598"
"GLKT0ZE01A9E80"	"195"	"753"	"601"
"GLKT0ZE01BMK4Z"	"195"	"753"	"620"
"GLKT0ZE01EGO3C"	"195"	"753"	"641"
"GLKT0ZE01BQFJQ"	"195"	"753"	"643"
"GLKT0ZE01A9IKV"	"195"	"753"	"642"
"GLKT0ZE01B4486"	"195"	"753"	"601"
"GLKT0ZE01AVEAW"	"195"	"753"	"620"
"GLKT0ZE01E2HEJ"	"195"	"753"	"619"
"GLKT0ZE01CHLMA"	"195"	"753"	"601"
"GLKT0ZE01A76P0"	"195"	"753"	"630"
"GLKT0ZE01D3HGG"	"195"	"753"	"601"
"GLKT0ZE01CR5OE"	"195"	"753"	"610"
"GLKT0ZE01AKG5U"	"195"	"753"	"619"
"GLKT0ZE01CSO03"	"195"	"753"	"618"
"GLKT0ZE01DL5AV"	"195"	"753"	"612"
"GLKT0ZE01C0BNY"	"195"	"753"	"624"
"GLKT0ZE01DRP6L"	"195"	"753"	"624"
"GLKT0ZE01CSBQB"	"195"	"753"	"643"
"GLKT0ZE01BQLOC"	"195"	"753"	"624"
"GLKT0ZE01DPSHC"	"195"	"753"	"630"
"GLKT0ZE01D2H0W"	"195"	"753"	"643"
"GLKT0ZE01EGDQ9"	"195"	"753"	"601"
"GLKT0ZE01BYX9U"	"195"	"753"	"624"
"GLKT0ZE01D5I2D"	"195"	"753"	"625"
"GLKT0ZE01D7DDQ"	"195"	"753"	"601"
"GLKT0ZE01BCN6K"	"195"	"753"	"620"
"GLKT0ZE01DMNWO"	"195"	"753"	"598"
"GLKT0ZE01BOLCQ"	"195"	"753"	"624"
"GLKT0ZE01CLI5X"	"195"	"753"	"620"
"GLKT0ZE01EDZR3"	"195"	"753"	"630"
"GLKT0ZE01B417F"	"195"	"753"	"620"
"GLKT0ZE01AIS6I"	"195"	"753"	"650"
"GLKT0ZE01CTSS0"	"195"	"753"	"624"
"GLKT0ZE01CSL1L"	"195"	"753"	"661"
"GLKT0ZE01AOUJM"	"195"	"753"	"624"
"GLKT0ZE01BOEZM"	"195"	"753"	"620"
"GLKT0ZE01EKYTC"	"195"	"753"	"624"
"GLKT0ZE01BPINF"	"195"	"753"	"601"
"GLKT0ZE01C1UXZ"	"195"	"753"	"624"
"GLKT0ZE01A4GJQ"	"195"	"753"	"635"
"GLKT0ZE01EVGV8"	"195"	"753"	"624"
"GLKT0ZE01CIRIW"	"195"	"753"	"624"
"GLKT0ZE01C6CKR"	"195"	"753"	"601"
"GLKT0ZE01DOCKG"	"195"	"753"	"624"
"GLKT0ZE01AL0FJ"	"195"	"753"	"624"
"GLKT0ZE01AW1LF"	"195"	"753"	"624"
"GLKT0ZE01EE8L0"	"195"	"753"	"620"
"GLKT0ZE01ED53F"	"195"	"753"	"650"
"GLKT0ZE01CNKJJ"	"195"	"753"	"624"
"GLKT0ZE01DML81"	"195"	"753"	"618"
"GLKT0ZE01C9CUZ"	"195"	"753"	"618"
"GLKT0ZE01EO51M"	"195"	"753"	"611"
"GLKT0ZE01A05Z5"	"195"	"753"	"624"
"GLKT0ZE01BE0Y2"	"195"	"753"	"624"
"GLKT0ZE01AVVMM"	"195"	"753"	"624"
"GLKT0ZE01COPF5"	"195"	"753"	"647"
"GLKT0ZE01EP3X1"	"195"	"753"	"624"
"GLKT0ZE01DP06U"	"195"	"753"	"611"
"GLKT0ZE01EHATE"	"195"	"753"	"611"
"GLKT0ZE01A7RPG"	"195"	"753"	"601"
"GLKT0ZE01BYP4W"	"195"	"753"	"661"
"GLKT0ZE01DS1ON"	"195"	"753"	"620"
"GLKT0ZE01A57N2"	"195"	"753"	"611"
"GLKT0ZE01DXCYS"	"195"	"753"	"624"
"GLKT0ZE01DU2ZO"	"195"	"753"	"624"
"GLKT0ZE01B3XZ2"	"195"	"753"	"619"
"GLKT0ZE01CLPZN"	"195"	"753"	"610"
"GLKT0ZE01C1ZF4"	"195"	"753"	"624"
"GLKT0ZE01B66IL"	"195"	"753"	"624"
"GLKT0ZE01AGLC4"	"195"	"753"	"624"
"GLKT0ZE01B6T8Q"	"195"	"753"	"630"
"GLKT0ZE01BRV11"	"195"	"753"	"624"
"GLKT0ZE01DB1QC"	"195"	"753"	"601"
"GLKT0ZE01COM2B"	"195"	"753"	"624"
"GLKT0ZE01C6FI2"	"195"	"753"	"620"
"GLKT0ZE01CGSA4"	"195"	"753"	"620"
"GLKT0ZE01CQ36K"	"195"	"753"	"601"
"GLKT0ZE01C9PBH"	"195"	"753"	"624"
"GLKT0ZE01EJLHS"	"195"	"753"	"624"
"GLKT0ZE01BBXND"	"195"	"753"	"611"
"GLKT0ZE01DD68G"	"195"	"753"	"624"
"GLKT0ZE01EVG2G"	"195"	"753"	"601"
"GLKT0ZE01DJSTP"	"195"	"753"	"635"
"GLKT0ZE01CABLU"	"195"	"753"	"624"
"GLKT0ZE01CQSEK"	"195"	"753"	"601"
"GLKT0ZE01B2QW4"	"195"	"753"	"601"
"GLKT0ZE01BT1BC"	"195"	"753"	"624"
"GLKT0ZE01EHPIM"	"195"	"753"	"601"
"GLKT0ZE01CZNJU"	"195"	"753"	"624"
"GLKT0ZE01D6BZU"	"195"	"753"	"646"
"GLKT0ZE01CYWDZ"	"195"	"753"	"647"
"GLKT0ZE01CRY4Y"	"195"	"753"	"639"
"GLKT0ZE01ESRZN"	"195"	"753"	"625"
"GLKT0ZE01BXS1J"	"195"	"753"	"601"
"GLKT0ZE01AGFB3"	"195"	"753"	"609"
"GLKT0ZE01DRYJ4"	"394"	"853"	"620"
"GLKT0ZE01AIIYT"	"195"	"753"	"601"
"GLKT0ZE01EQTQJ"	"195"	"753"	"601"
"GLKT0ZE01CR5F5"	"195"	"753"	"601"
"GLKT0ZE01EB7BB"	"195"	"753"	"630"
"GLKT0ZE01ERBN4"	"195"	"753"	"601"
"GLKT0ZE01CPUJN"	"195"	"753"	"620"
"GLKT0ZE01EW1YF"	"195"	"753"	"624"
"GLKT0ZE01EJOZ3"	"195"	"753"	"624"
"GLKT0ZE01CB2JD"	"195"	"753"	"601"
"GLKT0ZE01BUCGN"	"195"	"753"	"620"
"GLKT0ZE01BI5NI"	"195"	"753"	"624"
"GLKT0ZE01BRGRQ"	"195"	"753"	"630"
"GLKT0ZE01DU84W"	"195"	"753"	"624"
"GLKT0ZE01AWFAG"	"195"	"753"	"601"
"GLKT0ZE01ESK6X"	"195"	"753"	"635"
"GLKT0ZE01EDWNH"	"195"	"753"	"624"
"GLKT0ZE01BY974"	"195"	"753"	"601"
"GLKT0ZE01DA6MU"	"195"	"753"	"628"
"GLKT0ZE01B1TDO"	"195"	"753"	"624"
"GLKT0ZE01AJ5OY"	"195"	"753"	"624"
"GLKT0ZE01ATK4W"	"195"	"753"	"624"
"GLKT0ZE01A111G"	"195"	"753"	"601"
"GLKT0ZE01CLCLJ"	"195"	"753"	"635"
"GLKT0ZE01CSE2Q"	"195"	"753"	"624"
"GLKT0ZE01CQPR5"	"195"	"753"	"601"
"GLKT0ZE01AO4PT"	"195"	"753"	"624"
"GLKT0ZE01C8VCS"	"195"	"753"	"620"
"GLKT0ZE01D1JKQ"	"195"	"753"	"624"
"GLKT0ZE01A0FNW"	"195"	"753"	"624"
"GLKT0ZE01D1ZSJ"	"195"	"753"	"630"
"GLKT0ZE01C4I4I"	"195"	"753"	"661"
"GLKT0ZE01EG84C"	"195"	"753"	"639"
"GLKT0ZE01BVEWT"	"195"	"753"	"639"
"GLKT0ZE01BVPHG"	"195"	"753"	"630"
"GLKT0ZE01EO5CW"	"195"	"753"	"624"
"GLKT0ZE01BWLKR"	"195"	"753"	"624"
"GLKT0ZE01AI3ZV"	"195"	"753"	"624"
"GLKT0ZE01DU42T"	"195"	"753"	"620"
"GLKT0ZE01AKWDA"	"195"	"753"	"624"
"GLKT0ZE01ERVNO"	"195"	"753"	"638"
"GLKT0ZE01C80V4"	"195"	"753"	"601"
"GLKT0ZE01B8VX0"	"195"	"753"	"612"
"GLKT0ZE01C4MKU"	"195"	"753"	"624"
"GLKT0ZE01DADPG"	"195"	"753"	"601"
"GLKT0ZE01EGG7C"	"195"	"753"	"620"
"GLKT0ZE01E1YYV"	"195"	"753"	"624"
"GLKT0ZE01BLGOZ"	"195"	"753"	"643"
"GLKT0ZE01EHFWI"	"195"	"753"	"624"
"GLKT0ZE01EEDKF"	"195"	"753"	"601"
"GLKT0ZE01DJQXZ"	"195"	"753"	"644"
"GLKT0ZE01BRR5K"	"195"	"753"	"620"
"GLKT0ZE01EV4Y7"	"195"	"753"	"646"
"GLKT0ZE01C4HF4"	"195"	"753"	"611"
"GLKT0ZE01AXAYZ"	"195"	"753"	"624"
"GLKT0ZE01C36CH"	"994"	"1153"	"641"
"GLKT0ZE01DGXL1"	"195"	"753"	"624"
"GLKT0ZE01DUMQQ"	"195"	"753"	"601"
"GLKT0ZE01CIH50"	"195"	"753"	"601"
"GLKT0ZE01BUB3W"	"195"	"753"	"601"
"GLKT0ZE01EB7RD"	"195"	"753"	"638"
"GLKT0ZE01CGMO2"	"195"	"753"	"624"
"GLKT0ZE01C9KU6"	"195"	"753"	"624"
"GLKT0ZE01AQM5E"	"195"	"753"	"618"
"GLKT0ZE01CF42K"	"195"	"753"	"618"
"GLKT0ZE01AZ8CJ"	"195"	"753"	"620"
"GLKT0ZE01AFN7P"	"195"	"753"	"624"
"GLKT0ZE01B9JBY"	"195"	"753"	"624"
"GLKT0ZE01A4DJJ"	"195"	"753"	"624"
"GLKT0ZE01BEVK1"	"195"	"753"	"620"
"GLKT0ZE01DQV3T"	"195"	"753"	"630"
"GLKT0ZE01DWCSN"	"195"	"753"	"618"
"GLKT0ZE01BV6U8"	"195"	"753"	"643"
"GLKT0ZE01EG9Q0"	"195"	"753"	"611"
"GLKT0ZE01A0WDX"	"195"	"753"	"624"
"GLKT0ZE01CABAB"	"195"	"753"	"601"
"GLKT0ZE01A5ZWU"	"195"	"753"	"624"
"GLKT0ZE01B5KDW"	"195"	"753"	"624"
"GLKT0ZE01C0TIP"	"195"	"753"	"624"
"GLKT0ZE01D6PVF"	"195"	"753"	"630"
"GLKT0ZE01DJ5AP"	"195"	"753"	"611"
"GLKT0ZE01DJJ9T"	"195"	"753"	"624"
"GLKT0ZE01D3RN8"	"195"	"753"	"624"
"GLKT0ZE01A91S8"	"195"	"753"	"624"
"GLKT0ZE01BPUL0"	"195"	"753"	"620"
"GLKT0ZE01EXYZ8"	"195"	"753"	"620"
"GLKT0ZE01D3268"	"195"	"753"	"622"
"GLKT0ZE01B4FY9"	"195"	"753"	"611"
"GLKT0ZE01DCXUX"	"195"	"753"	"601"
"GLKT0ZE01CZQ9E"	"195"	"753"	"624"
"GLKT0ZE01B9UND"	"195"	"753"	"620"
"GLKT0ZE01DR3N5"	"195"	"753"	"601"
"GLKT0ZE01DPQ45"	"195"	"753"	"646"
"GLKT0ZE01BKVOD"	"195"	"753"	"624"
"GLKT0ZE01CRAEC"	"195"	"753"	"624"
"GLKT0ZE01EXY7G"	"195"	"753"	"661"
"GLKT0ZE01B1YZ8"	"195"	"753"	"611"
"GLKT0ZE01BK2W5"	"195"	"753"	"624"
"GLKT0ZE01A1B65"	"195"	"753"	"624"
"GLKT0ZE01D3WJR"	"195"	"753"	"624"
"GLKT0ZE01AGE3Z"	"195"	"753"	"643"
"GLKT0ZE01D3LCY"	"195"	"753"	"618"
"GLKT0ZE01CICVD"	"195"	"753"	"624"
"GLKT0ZE01BMC4E"	"195"	"753"	"601"
"GLKT0ZE01D4HG8"	"195"	"753"	"620"
"GLKT0ZE01D5ICO"	"195"	"753"	"620"
"GLKT0ZE01DQ5CL"	"195"	"753"	"624"
"GLKT0ZE01A5JTO"	"195"	"753"	"625"
"GLKT0ZE01CV86Q"	"195"	"753"	"610"
"GLKT0ZE01CMVBB"	"195"	"753"	"630"
"GLKT0ZE01A1VL5"	"195"	"753"	"624"
"GLKT0ZE01CI4IX"	"195"	"753"	"624"
"GLKT0ZE01EDNVB"	"195"	"753"	"646"
"GLKT0ZE01D2YWA"	"195"	"753"	"630"
"GLKT0ZE01A3SQ8"	"195"	"753"	"620"
"GLKT0ZE01CPWLG"	"394"	"853"	"620"
"GLKT0ZE01EEA7Z"	"195"	"753"	"647"
"GLKT0ZE01ASM7O"	"195"	"753"	"624"
"GLKT0ZE01AWCD3"	"195"	"753"	"630"
"GLKT0ZE01CGQD0"	"195"	"753"	"624"
"GLKT0ZE01D9MS6"	"195"	"753"	"601"
"GLKT0ZE01A3QOU"	"195"	"753"	"630"
"GLKT0ZE01COHX0"	"195"	"753"	"601"
"GLKT0ZE01A0Y5X"	"195"	"753"	"624"
"GLKT0ZE01BNDIB"	"195"	"753"	"601"
"GLKT0ZE01COOCN"	"195"	"753"	"625"
"GLKT0ZE01D6JL8"	"195"	"753"	"624"
"GLKT0ZE01DD7N4"	"195"	"753"	"601"
"GLKT0ZE01B83WU"	"195"	"753"	"601"
"GLKT0ZE01CTT65"	"195"	"753"	"611"
"GLKT0ZE01DI5DO"	"195"	"753"	"620"
"GLKT0ZE01A6R6X"	"195"	"753"	"611"
"GLKT0ZE01CSI4D"	"195"	"753"	"624"
"GLKT0ZE01DSBYY"	"195"	"753"	"601"
"GLKT0ZE01C98LE"	"195"	"753"	"601"
"GLKT0ZE01B45KM"	"195"	"753"	"610"
"GLKT0ZE01CQ2DL"	"195"	"753"	"624"
"GLKT0ZE01DMWLN"	"195"	"753"	"635"
"GLKT0ZE01EAC6R"	"195"	"753"	"624"
"GLKT0ZE01DODIX"	"195"	"753"	"630"
"GLKT0ZE01AK82H"	"195"	"753"	"624"
"GLKT0ZE01EK5PB"	"195"	"753"	"625"
"GLKT0ZE01EAD55"	"195"	"753"	"644"
"GLKT0ZE01CK9WM"	"195"	"753"	"601"
"GLKT0ZE01E2BHX"	"195"	"753"	"610"
"GLKT0ZE01BMGNT"	"195"	"753"	"601"
"GLKT0ZE01DPPGC"	"195"	"753"	"624"
"GLKT0ZE01C5N9V"	"195"	"753"	"601"
"GLKT0ZE01B4SA6"	"195"	"753"	"624"
"GLKT0ZE01BP6JS"	"195"	"753"	"611"
"GLKT0ZE01CCTUE"	"195"	"753"	"601"
"GLKT0ZE01B8PDZ"	"195"	"753"	"643"
"GLKT0ZE01BEFEA"	"195"	"753"	"643"
"GLKT0ZE01BSA31"	"195"	"753"	"610"
"GLKT0ZE01EDZ58"	"195"	"753"	"638"
"GLKT0ZE01AJ0FS"	"195"	"753"	"624"
"GLKT0ZE01DX7FH"	"195"	"753"	"639"
"GLKT0ZE01D4G47"	"195"	"753"	"611"
"GLKT0ZE01BB8DY"	"195"	"753"	"611"
"GLKT0ZE01ECZNS"	"195"	"753"	"601"
"GLKT0ZE01DL5A4"	"195"	"753"	"601"
"GLKT0ZE01DDYKZ"	"195"	"753"	"620"
"GLKT0ZE01A1Y48"	"195"	"753"	"624"
"GLKT0ZE01CUZYL"	"195"	"753"	"611"
"GLKT0ZE01BMCET"	"195"	"753"	"638"
"GLKT0ZE01CNS35"	"195"	"753"	"611"
"GLKT0ZE01DQ1HU"	"195"	"753"	"624"
"GLKT0ZE01ECGAD"	"195"	"753"	"624"
"GLKT0ZE01DKOXM"	"195"	"753"	"647"
"GLKT0ZE01AKAXF"	"195"	"753"	"624"
"GLKT0ZE01BUFLW"	"195"	"753"	"611"
"GLKT0ZE01A7BSF"	"195"	"753"	"620"
"GLKT0ZE01CS0ZR"	"195"	"753"	"652"
"GLKT0ZE01EOR0Y"	"195"	"753"	"624"
"GLKT0ZE01EOEQD"	"195"	"753"	"620"
"GLKT0ZE01C7LQW"	"195"	"753"	"624"
"GLKT0ZE01D5I6I"	"195"	"753"	"624"
"GLKT0ZE01CFYOZ"	"195"	"753"	"601"
"GLKT0ZE01ATF6D"	"195"	"753"	"647"
"GLKT0ZE01AOMZ8"	"195"	"753"	"624"
"GLKT0ZE01B6TUC"	"195"	"753"	"611"
"GLKT0ZE01BYE0M"	"195"	"753"	"620"
"GLKT0ZE01E023D"	"195"	"753"	"620"
"GLKT0ZE01APFH3"	"195"	"753"	"601"
"GLKT0ZE01BXYJT"	"195"	"753"	"624"
"GLKT0ZE01EDCV1"	"195"	"753"	"646"
"GLKT0ZE01CLNB3"	"195"	"753"	"601"
"GLKT0ZE01DSVU1"	"195"	"753"	"630"
"GLKT0ZE01A0X70"	"195"	"753"	"611"
"GLKT0ZE01C0W1X"	"195"	"753"	"618"
"GLKT0ZE01AGMYU"	"195"	"753"	"624"
"GLKT0ZE01DBU91"	"195"	"753"	"652"
"GLKT0ZE01BUIFI"	"195"	"753"	"601"
"GLKT0ZE01BU9JE"	"195"	"753"	"611"
"GLKT0ZE01ECIVV"	"195"	"753"	"624"
"GLKT0ZE01DVF5Q"	"195"	"753"	"601"
"GLKT0ZE01B2J2R"	"195"	"753"	"625"
"GLKT0ZE01DOYMD"	"195"	"753"	"620"
"GLKT0ZE01C0JT0"	"195"	"753"	"620"
"GLKT0ZE01BLYVJ"	"195"	"753"	"620"
"GLKT0ZE01BHX0D"	"195"	"753"	"652"
"GLKT0ZE01CVGQS"	"195"	"753"	"620"
"GLKT0ZE01DXRYL"	"195"	"753"	"620"
"GLKT0ZE01BSAA5"	"195"	"753"	"624"
"GLKT0ZE01D1Q82"	"195"	"753"	"601"
"GLKT0ZE01CPN4Y"	"195"	"753"	"610"
"GLKT0ZE01C6SR7"	"195"	"753"	"620"
"GLKT0ZE01AS2W8"	"195"	"753"	"635"
"GLKT0ZE01AZ6RN"	"195"	"753"	"609"
"GLKT0ZE01AZANO"	"195"	"753"	"620"
"GLKT0ZE01D7JPY"	"195"	"753"	"620"
"GLKT0ZE01EKWX5"	"195"	"753"	"609"
"GLKT0ZE01DO9HJ"	"195"	"753"	"601"
"GLKT0ZE01ESKFV"	"195"	"753"	"624"
"GLKT0ZE01DNHQM"	"195"	"753"	"635"
"GLKT0ZE01A1TWV"	"195"	"753"	"620"
"GLKT0ZE01A4OBF"	"195"	"753"	"624"
"GLKT0ZE01BQW75"	"195"	"753"	"601"
"GLKT0ZE01B6UCF"	"195"	"753"	"638"
"GLKT0ZE01A5DDA"	"195"	"753"	"624"
"GLKT0ZE01EJ9EI"	"195"	"753"	"601"
"GLKT0ZE01BPFSW"	"195"	"753"	"620"
"GLKT0ZE01A0IBO"	"994"	"1153"	"641"
"GLKT0ZE01EMW57"	"195"	"753"	"624"
"GLKT0ZE01BRQXA"	"195"	"753"	"624"
"GLKT0ZE01AKA49"	"195"	"753"	"624"
"GLKT0ZE01EOEWS"	"195"	"753"	"601"
"GLKT0ZE01A86DZ"	"195"	"753"	"624"
"GLKT0ZE01E0WI4"	"195"	"753"	"630"
"GLKT0ZE01BWXPO"	"195"	"753"	"661"
"GLKT0ZE01ASR1H"	"195"	"753"	"624"
"GLKT0ZE01DBVVY"	"195"	"753"	"624"
"GLKT0ZE01DXUCO"	"195"	"753"	"620"
"GLKT0ZE01BFFYT"	"195"	"753"	"624"
"GLKT0ZE01AGNB3"	"195"	"753"	"624"
"GLKT0ZE01DGDCR"	"195"	"753"	"624"
"GLKT0ZE01D30ML"	"195"	"753"	"601"
"GLKT0ZE01EK7E2"	"195"	"753"	"624"
"GLKT0ZE01BJF34"	"195"	"753"	"651"
"GLKT0ZE01C0D4S"	"195"	"753"	"630"
"GLKT0ZE01AFBVF"	"195"	"753"	"601"
"Test1_123F2-47_627-835_several_short_gaps"	"195"	"753"	"1069"
"GLKT0ZE01EK92R"	"195"	"753"	"601"
"GLKT0ZE01DD2WI"	"195"	"753"	"601"
"GLKT0ZE01DERX2"	"195"	"753"	"624"
"GLKT0ZE01CU01K"	"195"	"753"	"619"
"GLKT0ZE01D59W9"	"195"	"753"	"647"
"GLKT0ZE01AFFHX"	"195"	"753"	"641"
"GLKT0ZE01AZ8VD"	"195"	"753"	"620"
"GLKT0ZE01CNV5G"	"195"	"753"	"601"
"GLKT0ZE01D27B8"	"195"	"753"	"601"
"GLKT0ZE01AYV6N"	"195"	"753"	"624"
"GLKT0ZE01B59MR"	"195"	"753"	"612"
"GLKT0ZE01DGWWD"	"195"	"753"	"624"
"GLKT0ZE01DGKL5"	"195"	"753"	"624"
"GLKT0ZE01BH36B"	"195"	"753"	"624"
"GLKT0ZE01EJ4KA"	"195"	"753"	"620"
"GLKT0ZE01E3YKT"	"195"	"753"	"624"
"GLKT0ZE01CPGZ2"	"195"	"753"	"601"
"GLKT0ZE01EQBHO"	"195"	"753"	"644"
"GLKT0ZE01DZLDC"	"195"	"753"	"630"
"GLKT0ZE01CNZ2Y"	"195"	"753"	"601"
"GLKT0ZE01BXZJ8"	"195"	"753"	"643"
"GLKT0ZE01CFDD4"	"195"	"753"	"624"
"GLKT0ZE01EOYXB"	"195"	"753"	"601"
"GLKT0ZE01CXBD9"	"195"	"753"	"601"
"GLKT0ZE01A9O4L"	"195"	"753"	"638"
"GLKT0ZE01DLU1C"	"195"	"753"	"652"
"GLKT0ZE01B1ZVS"	"195"	"753"	"618"
"GLKT0ZE01A324J"	"195"	"753"	"611"
"GLKT0ZE01D3VCL"	"195"	"753"	"612"
"GLKT0ZE01C6UR3"	"195"	"753"	"620"
"GLKT0ZE01EM1LS"	"195"	"753"	"624"
"GLKT0ZE01DTSZO"	"195"	"753"	"624"
"GLKT0ZE01ENMZ1"	"195"	"753"	"620"
"GLKT0ZE01C9Z4J"	"195"	"753"	"601"
"GLKT0ZE01BHF89"	"195"	"753"	"624"
"GLKT0ZE01B4Q82"	"195"	"753"	"624"
"GLKT0ZE01DDNOC"	"195"	"753"	"601"
"GLKT0ZE01CT04I"	"195"	"753"	"610"
"GLKT0ZE01BTVTB"	"195"	"753"	"601"
"GLKT0ZE01B8HVO"	"195"	"753"	"624"
"GLKT0ZE01DNEOU"	"195"	"753"	"601"
"GLKT0ZE01CUJQR"	"195"	"753"	"624"
"GLKT0ZE01AR8JM"	"195"	"753"	"601"
"GLKT0ZE01DTXR7"	"195"	"753"	"624"
"GLKT0ZE01CMIUZ"	"195"	"753"	"601"
"GLKT0ZE01B9BD6"	"195"	"753"	"601"
"GLKT0ZE01DW7L7"	"195"	"753"	"644"
"GLKT0ZE01DET9H"	"195"	"753"	"644"
"GLKT0ZE01DYS5A"	"195"	"753"	"624"
"GLKT0ZE01CM3QN"	"195"	"753"	"620"
"GLKT0ZE01DMPDM"	"195"	"753"	"618"
"GLKT0ZE01B9JH4"	"195"	"753"	"624"
"GLKT0ZE01BNHJQ"	"195"	"753"	"620"
"GLKT0ZE01CM5C2"	"195"	"753"	"624"
"GLKT0ZE01A1GNW"	"195"	"753"	"624"
"GLKT0ZE01EEEWR"	"195"	"753"	"643"
"GLKT0ZE01DB8I6"	"195"	"753"	"611"
"GLKT0ZE01EQ715"	"195"	"753"	"620"
"GLKT0ZE01AM8EG"	"195"	"753"	"624"
"GLKT0ZE01C4QSM"	"195"	"753"	"609"
"GLKT0ZE01AVAJQ"	"195"	"753"	"601"
"GLKT0ZE01B2H58"	"195"	"753"	"598"
"GLKT0ZE01C2B1E"	"195"	"753"	"624"
"GLKT0ZE01B2ELX"	"195"	"753"	"643"
"GLKT0ZE01BDQDC"	"195"	"753"	"624"
"GLKT0ZE01DG3A4"	"195"	"753"	"646"
"GLKT0ZE01BC7I4"	"195"	"753"	"643"
"GLKT0ZE01DJHYU"	"195"	"753"	"620"
"GLKT0ZE01D3VWK"	"195"	"753"	"624"
"GLKT0ZE01DP3XT"	"195"	"753"	"624"
"GLKT0ZE01C5Z4U"	"195"	"753"	"624"
"GLKT0ZE01C8A59"	"195"	"753"	"620"
"GLKT0ZE01B3WC8"	"195"	"753"	"601"
"GLKT0ZE01DWFA7"	"195"	"753"	"624"
"GLKT0ZE01DUEVJ"	"195"	"753"	"647"
"GLKT0ZE01CWQ2M"	"195"	"753"	"624"
"GLKT0ZE01EPTA0"	"195"	"753"	"624"
"GLKT0ZE01C6GA5"	"195"	"753"	"601"
"GLKT0ZE01A2O03"	"195"	"753"	"624"
"GLKT0ZE01AHFQ0"	"195"	"753"	"601"
"GLKT0ZE01BTW98"	"195"	"753"	"624"
"GLKT0ZE01AX0DO"	"195"	"753"	"620"
"GLKT0ZE01CJPIO"	"195"	"753"	"624"
"GLKT0ZE01EF6IP"	"195"	"753"	"598"
"GLKT0ZE01BBZ4C"	"195"	"753"	"624"
"GLKT0ZE01APOPW"	"195"	"753"	"601"
"GLKT0ZE01AI61F"	"195"	"753"	"661"
"GLKT0ZE01AZSBC"	"195"	"753"	"624"
"GLKT0ZE01CNU3X"	"195"	"753"	"601"
"GLKT0ZE01D5XYC"	"195"	"753"	"611"
"GLKT0ZE01BPJUE"	"195"	"753"	"646"
"GLKT0ZE01BZGGA"	"195"	"753"	"641"
"GLKT0ZE01CVODV"	"195"	"753"	"601"
"GLKT0ZE01EXA1M"	"195"	"753"	"601"
"GLKT0ZE01DOH4Z"	"195"	"753"	"635"
"GLKT0ZE01D2PTC"	"195"	"753"	"630"
"GLKT0ZE01BKHMQ"	"195"	"753"	"624"
"GLKT0ZE01DYDUG"	"195"	"753"	"601"
"GLKT0ZE01CEXM9"	"195"	"753"	"620"
"GLKT0ZE01A9OKI"	"195"	"753"	"620"
"GLKT0ZE01BAKMX"	"195"	"753"	"620"
"GLKT0ZE01CXN6B"	"195"	"753"	"601"
"GLKT0ZE01CWMV3"	"195"	"753"	"624"
"GLKT0ZE01EOZW1"	"195"	"753"	"601"
"GLKT0ZE01BL7GC"	"195"	"753"	"601"
"GLKT0ZE01DOL7C"	"195"	"753"	"601"
"GLKT0ZE01CC2MD"	"195"	"753"	"661"
"GLKT0ZE01DZHOR"	"195"	"753"	"643"
"GLKT0ZE01ER2OL"	"195"	"753"	"624"
"GLKT0ZE01B7Q3Z"	"195"	"753"	"610"
"GLKT0ZE01D9XX5"	"195"	"753"	"610"
"GLKT0ZE01BLMU1"	"195"	"753"	"601"
"GLKT0ZE01DERJR"	"195"	"753"	"601"
"GLKT0ZE01CHSM4"	"195"	"753"	"620"
"GLKT0ZE01CTB7Z"	"195"	"753"	"624"
"GLKT0ZE01B1WM6"	"195"	"753"	"630"
"GLKT0ZE01EIPS7"	"195"	"753"	"601"
"GLKT0ZE01CFHNE"	"195"	"753"	"618"
"GLKT0ZE01BWMRF"	"195"	"753"	"644"
"GLKT0ZE01EQ21M"	"195"	"753"	"624"
"GLKT0ZE01A2Y0N"	"195"	"753"	"646"
"GLKT0ZE01BKBPB"	"195"	"753"	"620"
"GLKT0ZE01AIU6L"	"195"	"753"	"624"
"GLKT0ZE01D0FSX"	"195"	"753"	"601"
"GLKT0ZE01CLTFB"	"195"	"753"	"641"
"GLKT0ZE01EQHXT"	"195"	"753"	"624"
"GLKT0ZE01BFVKE"	"195"	"753"	"647"
"GLKT0ZE01EZXSJ"	"195"	"753"	"646"
"GLKT0ZE01EZ9WM"	"195"	"753"	"601"
"GLKT0ZE01C1BJZ"	"195"	"753"	"611"
"GLKT0ZE01EY2FA"	"195"	"753"	"611"
"GLKT0ZE01BHWBI"	"195"	"753"	"630"
"GLKT0ZE01CXZQF"	"195"	"753"	"646"
"GLKT0ZE01AP9OH"	"195"	"753"	"624"
"GLKT0ZE01CE9BE"	"195"	"753"	"643"
"GLKT0ZE01DWDQU"	"195"	"753"	"612"
"GLKT0ZE01B5K4C"	"195"	"753"	"601"
"GLKT0ZE01CT23O"	"195"	"753"	"624"
"GLKT0ZE01CNQH3"	"195"	"753"	"620"
"GLKT0ZE01BIW74"	"195"	"753"	"604"
"GLKT0ZE01BQJID"	"195"	"753"	"624"
"GLKT0ZE01EUZKU"	"195"	"753"	"624"
"GLKT0ZE01EXMGQ"	"195"	"753"	"610"
"GLKT0ZE01DZNKP"	"195"	"753"	"601"
"GLKT0ZE01DGXQ5"	"195"	"753"	"620"
"GLKT0ZE01BMN3M"	"195"	"753"	"624"
"GLKT0ZE01BZ1U9"	"195"	"753"	"661"
"GLKT0ZE01B43U9"	"195"	"753"	"630"
"GLKT0ZE01D2E31"	"195"	"753"	"624"
"GLKT0ZE01EER6G"	"195"	"753"	"631"
"GLKT0ZE01EJ9VV"	"195"	"753"	"620"
"GLKT0ZE01DYYW0"	"195"	"753"	"620"
"GLKT0ZE01CTFEZ"	"195"	"753"	"624"
"GLKT0ZE01C3V15"	"195"	"753"	"624"
"GLKT0ZE01DAD1A"	"195"	"753"	"630"
"GLKT0ZE01B6LWT"	"195"	"753"	"624"
"GLKT0ZE01DGITV"	"195"	"753"	"624"
"GLKT0ZE01DJWV5"	"195"	"753"	"624"
"GLKT0ZE01DPI5R"	"195"	"753"	"624"
"GLKT0ZE01CI85A"	"195"	"753"	"619"
"GLKT0ZE01BJ6AW"	"195"	"753"	"624"
"GLKT0ZE01CUKL6"	"195"	"753"	"618"
"GLKT0ZE01EY8J7"	"195"	"753"	"611"
"GLKT0ZE01A8RFS"	"195"	"753"	"624"
"GLKT0ZE01DHEUA"	"195"	"753"	"601"
"GLKT0ZE01AYQW4"	"195"	"753"	"601"
"GLKT0ZE01D7W64"	"195"	"753"	"630"
"GLKT0ZE01ENIVY"	"195"	"753"	"601"
"GLKT0ZE01CLMFW"	"195"	"753"	"601"
"GLKT0ZE01BXJD4"	"195"	"753"	"630"
"GLKT0ZE01BY647"	"195"	"753"	"624"
"GLKT0ZE01BR79O"	"195"	"753"	"624"
"GLKT0ZE01CF3GA"	"195"	"753"	"624"
"GLKT0ZE01A6V0L"	"195"	"753"	"630"
"GLKT0ZE01DWTRH"	"195"	"753"	"624"
"GLKT0ZE01B593K"	"195"	"753"	"620"
"GLKT0ZE01CSAFE"	"195"	"753"	"624"
"GLKT0ZE01DSB3E"	"195"	"753"	"601"
"GLKT0ZE01DXB94"	"195"	"753"	"624"
"GLKT0ZE01ED3IF"	"195"	"753"	"624"
"GLKT0ZE01EYIDO"	"195"	"753"	"625"
"GLKT0ZE01C94GZ"	"195"	"753"	"624"
"GLKT0ZE01AZO47"	"195"	"753"	"620"
"GLKT0ZE01EZ40H"	"195"	"753"	"624"
"GLKT0ZE01A32NO"	"394"	"853"	"620"
"GLKT0ZE01DS6K7"	"195"	"753"	"624"
"GLKT0ZE01D1LFF"	"195"	"753"	"641"
"GLKT0ZE01A1IYC"	"195"	"753"	"624"
"GLKT0ZE01ELDLD"	"195"	"753"	"624"
"GLKT0ZE01ATVNP"	"195"	"753"	"601"
"GLKT0ZE01CFDHQ"	"195"	"753"	"620"
"GLKT0ZE01B9OA9"	"195"	"753"	"620"
"GLKT0ZE01BF6FS"	"195"	"753"	"650"
"GLKT0ZE01D8ITK"	"195"	"753"	"624"
"GLKT0ZE01DPX28"	"195"	"753"	"624"
"GLKT0ZE01DN5TS"	"195"	"753"	"620"
"GLKT0ZE01EZBBI"	"195"	"753"	"624"
"GLKT0ZE01AGS2S"	"195"	"753"	"635"
"GLKT0ZE01EQAKO"	"195"	"753"	"601"
"GLKT0ZE01B76VQ"	"195"	"753"	"624"
"GLKT0ZE01DFE5U"	"195"	"753"	"601"
"GLKT0ZE01CAN8G"	"195"	"753"	"601"
"GLKT0ZE01EKCNK"	"195"	"753"	"624"
"GLKT0ZE01DN1H3"	"195"	"753"	"610"
"GLKT0ZE01CD1TV"	"195"	"753"	"630"
"GLKT0ZE01A7PLX"	"195"	"753"	"601"
"GLKT0ZE01BBYT4"	"195"	"753"	"624"
"GLKT0ZE01BPG24"	"195"	"753"	"620"
"GLKT0ZE01DAHNC"	"195"	"753"	"611"
"GLKT0ZE01AT8B6"	"195"	"753"	"635"
"GLKT0ZE01CCKFI"	"195"	"753"	"624"
"GLKT0ZE01BSFS2"	"195"	"753"	"620"
"GLKT0ZE01CJNJC"	"195"	"753"	"611"
"GLKT0ZE01BF0PF"	"195"	"753"	"620"
"GLKT0ZE01EH75P"	"195"	"753"	"624"
"GLKT0ZE01A8N2E"	"195"	"753"	"601"
"GLKT0ZE01B8770"	"195"	"753"	"601"
"GLKT0ZE01DJQ8G"	"195"	"753"	"620"
"GLKT0ZE01CR7V9"	"195"	"753"	"635"
"GLKT0ZE01AO46G"	"195"	"753"	"624"
"GLKT0ZE01A32JL"	"195"	"753"	"643"
"GLKT0ZE01BUF0D"	"195"	"753"	"624"
"GLKT0ZE01DADHQ"	"195"	"753"	"661"
"GLKT0ZE01B8C2F"	"195"	"753"	"635"
"GLKT0ZE01CE7E7"	"195"	"753"	"620"
"GLKT0ZE01DXJ4E"	"195"	"753"	"661"
"GLKT0ZE01D8GSM"	"195"	"753"	"601"
"GLKT0ZE01BJPO7"	"195"	"753"	"625"
"GLKT0ZE01D2D2S"	"195"	"753"	"620"
"GLKT0ZE01C6RY9"	"195"	"753"	"611"
"GLKT0ZE01A0ROD"	"195"	"753"	"624"
"GLKT0ZE01D6K5I"	"195"	"753"	"643"
"GLKT0ZE01EZBGI"	"195"	"753"	"624"
"GLKT0ZE01DE7SO"	"195"	"753"	"601"
"GLKT0ZE01DLMFL"	"195"	"753"	"638"
"GLKT0ZE01A4094"	"195"	"753"	"620"
"GLKT0ZE01AWPIO"	"195"	"753"	"630"
"GLKT0ZE01DPOZ4"	"195"	"753"	"620"
"GLKT0ZE01EGC6I"	"195"	"753"	"601"
"GLKT0ZE01BR5BW"	"195"	"753"	"601"
"GLKT0ZE01EQDIM"	"195"	"753"	"620"
"GLKT0ZE01EE89L"	"195"	"753"	"624"
"GLKT0ZE01BAX72"	"195"	"753"	"625"
"GLKT0ZE01BBYKH"	"195"	"753"	"601"
"GLKT0ZE01AYCCO"	"195"	"753"	"624"
"GLKT0ZE01EHHTN"	"195"	"753"	"630"
"GLKT0ZE01BD6TU"	"195"	"753"	"624"
"GLKT0ZE01ENPCV"	"195"	"753"	"635"
"GLKT0ZE01B6I8F"	"195"	"753"	"628"
"GLKT0ZE01ER0OO"	"195"	"753"	"610"
"GLKT0ZE01DUHYB"	"195"	"753"	"630"
"GLKT0ZE01CJC2W"	"195"	"753"	"601"
"GLKT0ZE01AU3G6"	"195"	"753"	"630"
"GLKT0ZE01CID80"	"195"	"753"	"624"
"GLKT0ZE01DR8R0"	"195"	"753"	"630"
"GLKT0ZE01D617G"	"195"	"753"	"621"
"GLKT0ZE01D13CT"	"195"	"753"	"610"
"GLKT0ZE01B136E"	"195"	"753"	"624"
"GLKT0ZE01D9ZF1"	"195"	"753"	"644"
"GLKT0ZE01CB4ZL"	"195"	"753"	"624"
"GLKT0ZE01B1IDD"	"195"	"753"	"601"
"GLKT0ZE01DFNSE"	"195"	"753"	"624"
"GLKT0ZE01BSARK"	"195"	"753"	"620"
"GLKT0ZE01BEMID"	"195"	"753"	"601"
"GLKT0ZE01B8CMF"	"195"	"753"	"620"
"GLKT0ZE01D23AI"	"195"	"753"	"624"
"GLKT0ZE01ALEPY"	"195"	"753"	"620"
"GLKT0ZE01DUT24"	"195"	"753"	"601"
"GLKT0ZE01D5NLG"	"195"	"753"	"643"
"GLKT0ZE01DJ97J"	"195"	"753"	"624"
"GLKT0ZE01DI7C5"	"195"	"753"	"620"
"GLKT0ZE01E1KM2"	"195"	"753"	"601"
"GLKT0ZE01CGPLH"	"195"	"753"	"624"
"GLKT0ZE01C33NK"	"195"	"753"	"618"
"GLKT0ZE01BTK3M"	"195"	"753"	"624"
"GLKT0ZE01B2MIO"	"195"	"753"	"620"
"GLKT0ZE01EKAOO"	"195"	"753"	"601"
"GLKT0ZE01AFTXY"	"195"	"753"	"611"
"GLKT0ZE01EBRUH"	"195"	"753"	"624"
"GLKT0ZE01AMO86"	"195"	"753"	"624"
"GLKT0ZE01CSBPO"	"195"	"753"	"624"
"GLKT0ZE01C4Q2E"	"195"	"753"	"601"
"GLKT0ZE01DT87I"	"195"	"753"	"646"
"GLKT0ZE01AZ9C6"	"195"	"753"	"618"
"GLKT0ZE01A87QM"	"195"	"753"	"639"
"GLKT0ZE01BJWQ6"	"195"	"753"	"601"
"GLKT0ZE01DT47B"	"195"	"753"	"618"
"GLKT0ZE01D0MAL"	"195"	"753"	"620"
"GLKT0ZE01CDEGS"	"195"	"753"	"647"
"GLKT0ZE01EASV7"	"195"	"753"	"624"
"GLKT0ZE01ENPCS"	"195"	"753"	"620"
"GLKT0ZE01AK9FI"	"195"	"753"	"620"
"GLKT0ZE01BG6C9"	"195"	"753"	"630"
"GLKT0ZE01BRY1I"	"195"	"753"	"601"
"GLKT0ZE01AO3M9"	"195"	"753"	"624"
"GLKT0ZE01B3LZ9"	"195"	"753"	"624"
"GLKT0ZE01DFBJ3"	"195"	"753"	"629"
"GLKT0ZE01BIMRP"	"195"	"753"	"638"
"GLKT0ZE01EHG5L"	"195"	"753"	"601"
"GLKT0ZE01AS70Q"	"195"	"753"	"643"
"GLKT0ZE01BFF7L"	"195"	"753"	"624"
"GLKT0ZE01ARN76"	"195"	"753"	"624"
"GLKT0ZE01C6GE6"	"195"	"753"	"601"
"GLKT0ZE01EU82H"	"195"	"753"	"646"
"GLKT0ZE01ENDJA"	"195"	"753"	"621"
"GLKT0ZE01CQ2KR"	"195"	"753"	"624"
"GLKT0ZE01DLY8K"	"195"	"753"	"620"
"GLKT0ZE01DOU7M"	"195"	"753"	"624"
"GLKT0ZE01ARZBZ"	"195"	"753"	"624"
"GLKT0ZE01DYRT5"	"195"	"753"	"638"
"GLKT0ZE01B3KKQ"	"195"	"753"	"628"
"GLKT0ZE01DQ7FX"	"195"	"753"	"625"
"GLKT0ZE01D4X38"	"195"	"753"	"646"
"GLKT0ZE01EA48T"	"195"	"753"	"601"
"GLKT0ZE01BD107"	"195"	"753"	"624"
"GLKT0ZE01EI7G1"	"195"	"753"	"625"
"GLKT0ZE01DZ6M1"	"195"	"753"	"601"
"GLKT0ZE01CZTV1"	"195"	"753"	"620"
"GLKT0ZE01CY9O1"	"195"	"753"	"601"
"GLKT0ZE01AMRE3"	"195"	"753"	"638"
"GLKT0ZE01B5YNA"	"195"	"753"	"624"
"GLKT0ZE01EJYYO"	"195"	"753"	"620"
"GLKT0ZE01DI7AU"	"195"	"753"	"624"
"GLKT0ZE01DAM0C"	"195"	"753"	"624"
"GLKT0ZE01CNESF"	"195"	"753"	"624"
"GLKT0ZE01BTQ3C"	"195"	"753"	"601"
"GLKT0ZE01C51Q9"	"195"	"753"	"601"
"GLKT0ZE01DHNVZ"	"195"	"753"	"611"
"GLKT0ZE01CESUR"	"195"	"753"	"635"
"GLKT0ZE01DF1BW"	"195"	"753"	"624"
"GLKT0ZE01AQAFL"	"195"	"753"	"612"
"GLKT0ZE01BRJ4O"	"195"	"753"	"629"
"GLKT0ZE01CBJOD"	"195"	"753"	"601"
"GLKT0ZE01EDZDP"	"195"	"753"	"601"
"GLKT0ZE01CJV5O"	"195"	"753"	"624"
"GLKT0ZE01B48YJ"	"195"	"753"	"601"
"GLKT0ZE01B3BDW"	"195"	"753"	"624"
"GLKT0ZE01D6FV9"	"195"	"753"	"624"
"GLKT0ZE01C9PEE"	"195"	"753"	"624"
"GLKT0ZE01D1JAV"	"195"	"753"	"620"
"GLKT0ZE01AXTYW"	"195"	"753"	"620"
"GLKT0ZE01ELQ7E"	"195"	"753"	"624"
"GLKT0ZE01BOMCM"	"195"	"753"	"611"
"GLKT0ZE01CEY44"	"195"	"753"	"643"
"GLKT0ZE01BCM0A"	"195"	"753"	"624"
"GLKT0ZE01DVVFN"	"195"	"753"	"624"
"GLKT0ZE01DZEQF"	"195"	"753"	"624"
"GLKT0ZE01BIQ0E"	"195"	"753"	"624"
"GLKT0ZE01BVLAL"	"394"	"853"	"620"
"GLKT0ZE01B9XAB"	"195"	"753"	"624"
"GLKT0ZE01CAYCH"	"195"	"753"	"624"
"GLKT0ZE01CEYOL"	"195"	"753"	"643"
"GLKT0ZE01A8J6J"	"195"	"753"	"624"
"GLKT0ZE01CA2PZ"	"195"	"753"	"620"
"GLKT0ZE01AM8JW"	"195"	"753"	"601"
"GLKT0ZE01EK7AO"	"195"	"753"	"635"
"GLKT0ZE01ATUD8"	"195"	"753"	"630"
"GLKT0ZE01A047Z"	"195"	"753"	"646"
"GLKT0ZE01D1GR8"	"195"	"753"	"624"
"GLKT0ZE01ENRAD"	"195"	"753"	"646"
"GLKT0ZE01CVFWM"	"195"	"753"	"624"
"GLKT0ZE01AHFQC"	"195"	"753"	"624"
"GLKT0ZE01C4KLN"	"195"	"753"	"601"
"GLKT0ZE01BCVU0"	"195"	"753"	"638"
"GLKT0ZE01D4MBO"	"195"	"753"	"624"
"GLKT0ZE01CUYW4"	"195"	"753"	"620"
"GLKT0ZE01D1PT5"	"195"	"753"	"620"
"GLKT0ZE01B2NAT"	"195"	"753"	"601"
"GLKT0ZE01AGYPL"	"195"	"753"	"624"
"GLKT0ZE01BYK62"	"195"	"753"	"620"
"GLKT0ZE01DAJQC"	"195"	"753"	"601"
"GLKT0ZE01EMSPN"	"195"	"753"	"620"
"GLKT0ZE01AJMJH"	"195"	"753"	"624"
"GLKT0ZE01D5CX4"	"195"	"753"	"601"
"GLKT0ZE01DB2CW"	"195"	"753"	"620"
"GLKT0ZE01DUJZC"	"195"	"753"	"610"
"GLKT0ZE01BSJPT"	"195"	"753"	"624"
"GLKT0ZE01AO5UI"	"195"	"753"	"624"
"GLKT0ZE01DQRN6"	"195"	"753"	"624"
"GLKT0ZE01CYG86"	"195"	"753"	"624"
"GLKT0ZE01EG8BH"	"195"	"753"	"601"
"GLKT0ZE01CQ9NG"	"195"	"753"	"624"
"GLKT0ZE01AO5TC"	"195"	"753"	"624"
"GLKT0ZE01DBFV9"	"195"	"753"	"624"
"GLKT0ZE01D09NN"	"195"	"753"	"624"
"GLKT0ZE01BSW03"	"195"	"753"	"624"
"GLKT0ZE01DRILO"	"195"	"753"	"661"
"GLKT0ZE01DNE42"	"195"	"753"	"624"
"GLKT0ZE01AN7SE"	"195"	"753"	"620"
"GLKT0ZE01DW2VP"	"195"	"753"	"619"
"GLKT0ZE01CYW80"	"195"	"753"	"647"
"GLKT0ZE01D2QAO"	"195"	"753"	"620"
"GLKT0ZE01E2NHR"	"195"	"753"	"624"
"GLKT0ZE01AX88G"	"195"	"753"	"661"
"GLKT0ZE01ANMVU"	"195"	"753"	"628"
"GLKT0ZE01EAN2C"	"195"	"753"	"609"
"GLKT0ZE01DKZ8C"	"195"	"753"	"601"
"GLKT0ZE01C58OC"	"195"	"753"	"630"
"GLKT0ZE01EVNSN"	"195"	"753"	"624"
"GLKT0ZE01DTXVI"	"195"	"753"	"624"
"GLKT0ZE01BHE5R"	"195"	"753"	"630"
"GLKT0ZE01B3X0Z"	"195"	"753"	"624"
"GLKT0ZE01EKQ54"	"195"	"753"	"624"
"GLKT0ZE01D757C"	"195"	"753"	"620"
"GLKT0ZE01ED92E"	"195"	"753"	"620"
"GLKT0ZE01B4FWM"	"195"	"753"	"624"
"GLKT0ZE01BSK9I"	"394"	"853"	"624"
"GLKT0ZE01AVR0N"	"195"	"753"	"601"
"GLKT0ZE01E06UR"	"195"	"753"	"624"
"GLKT0ZE01DF3T6"	"195"	"753"	"622"
"GLKT0ZE01DT7KO"	"195"	"753"	"620"
"GLKT0ZE01A0CQW"	"195"	"753"	"647"
"GLKT0ZE01CB9YM"	"195"	"753"	"610"
"GLKT0ZE01CO7YF"	"394"	"853"	"620"
"GLKT0ZE01C4Y2G"	"195"	"753"	"624"
"GLKT0ZE01ER13Z"	"195"	"753"	"624"
"GLKT0ZE01BLKRE"	"195"	"753"	"638"
"GLKT0ZE01D3LZK"	"195"	"753"	"643"
"GLKT0ZE01D396H"	"195"	"753"	"601"
"GLKT0ZE01AIKM9"	"195"	"753"	"620"
"GLKT0ZE01A74T7"	"195"	"753"	"624"
"GLKT0ZE01D0DL5"	"195"	"753"	"624"
"GLKT0ZE01DV017"	"195"	"753"	"620"
"GLKT0ZE01AU06S"	"195"	"753"	"643"
"GLKT0ZE01EORI6"	"195"	"753"	"624"
"GLKT0ZE01EJMC0"	"195"	"753"	"643"
"GLKT0ZE01BTG1I"	"195"	"753"	"646"
"GLKT0ZE01DX7BQ"	"195"	"753"	"624"
"GLKT0ZE01ELFWQ"	"195"	"753"	"611"
"GLKT0ZE01ECBND"	"195"	"753"	"624"
"GLKT0ZE01EDMUO"	"195"	"753"	"624"
"GLKT0ZE01C3UBP"	"195"	"753"	"618"
"GLKT0ZE01AFNPW"	"195"	"753"	"624"
"GLKT0ZE01CM5TH"	"195"	"753"	"624"
"GLKT0ZE01B5Q37"	"195"	"753"	"625"
"GLKT0ZE01EHUDE"	"195"	"753"	"624"
"GLKT0ZE01CQP0C"	"195"	"753"	"624"
"GLKT0ZE01BL9VR"	"195"	"753"	"624"
"GLKT0ZE01CF0Y0"	"195"	"753"	"620"
"GLKT0ZE01C7QJZ"	"195"	"753"	"624"
"GLKT0ZE01DWCF9"	"195"	"753"	"624"
"GLKT0ZE01AIK6B"	"195"	"753"	"618"
"GLKT0ZE01EMBVW"	"195"	"753"	"630"
"GLKT0ZE01CZG3O"	"195"	"753"	"620"
"GLKT0ZE01D0RZB"	"195"	"753"	"624"
"GLKT0ZE01AQJQK"	"195"	"753"	"624"
"GLKT0ZE01ELZ7B"	"195"	"753"	"618"
"GLKT0ZE01DOQXM"	"195"	"753"	"624"
"GLKT0ZE01AXGCE"	"195"	"753"	"630"
"GLKT0ZE01DQ5A6"	"195"	"753"	"620"
"GLKT0ZE01COZJE"	"195"	"753"	"624"
"GLKT0ZE01DMKFU"	"195"	"753"	"625"
"GLKT0ZE01CBJD5"	"195"	"753"	"620"
"GLKT0ZE01APLCV"	"195"	"753"	"611"
"GLKT0ZE01DYM4G"	"195"	"753"	"611"
"GLKT0ZE01ERZ6H"	"195"	"753"	"601"
"GLKT0ZE01AL0SO"	"195"	"753"	"630"
"GLKT0ZE01B15D8"	"195"	"753"	"624"
"GLKT0ZE01D6FPU"	"195"	"753"	"639"
"GLKT0ZE01EPRU2"	"195"	"753"	"620"
"GLKT0ZE01A8VM4"	"195"	"753"	"622"
"GLKT0ZE01A1YLY"	"195"	"753"	"612"
"GLKT0ZE01BVA7X"	"195"	"753"	"620"
"GLKT0ZE01A8DK1"	"195"	"753"	"620"
"GLKT0ZE01D8K2M"	"195"	"753"	"624"
"GLKT0ZE01C9UIT"	"195"	"753"	"601"
"GLKT0ZE01DD3DV"	"195"	"753"	"620"
"GLKT0ZE01AY5A2"	"195"	"753"	"630"
"GLKT0ZE01CJ8G9"	"195"	"753"	"624"
"GLKT0ZE01CLKVX"	"195"	"753"	"624"
"GLKT0ZE01CDS3K"	"195"	"753"	"638"
"GLKT0ZE01CPR72"	"195"	"753"	"624"
"GLKT0ZE01AWRPZ"	"195"	"753"	"624"
"GLKT0ZE01A5WPU"	"195"	"753"	"624"
"GLKT0ZE01DBITB"	"195"	"753"	"625"
"GLKT0ZE01DG5T8"	"195"	"753"	"610"
"GLKT0ZE01BX4C6"	"195"	"753"	"624"
"GLKT0ZE01AD7N5"	"195"	"753"	"611"
"GLKT0ZE01D42JQ"	"195"	"753"	"620"
"GLKT0ZE01DIHEC"	"195"	"753"	"601"
"GLKT0ZE01DRECY"	"195"	"753"	"630"
"GLKT0ZE01A6AIU"	"195"	"753"	"601"
"GLKT0ZE01ESLAN"	"195"	"753"	"646"
"GLKT0ZE01B5XEI"	"195"	"753"	"620"
"GLKT0ZE01CEMAU"	"195"	"753"	"610"
"GLKT0ZE01CQTGK"	"195"	"753"	"624"
"GLKT0ZE01B298V"	"195"	"753"	"610"
"GLKT0ZE01EVXCX"	"195"	"753"	"625"
"GLKT0ZE01AJGKG"	"195"	"753"	"601"
"GLKT0ZE01C48AH"	"195"	"753"	"630"
"GLKT0ZE01DISCM"	"195"	"753"	"630"
"GLKT0ZE01C825Z"	"195"	"753"	"598"
"GLKT0ZE01CX9BE"	"195"	"753"	"601"
"GLKT0ZE01DUIFL"	"195"	"753"	"630"
"GLKT0ZE01BERWE"	"195"	"753"	"611"
"GLKT0ZE01EJYL2"	"195"	"753"	"618"
"GLKT0ZE01AQN6Z"	"195"	"753"	"611"
"GLKT0ZE01BATJE"	"195"	"753"	"620"
"GLKT0ZE01DY6VZ"	"195"	"753"	"630"
"GLKT0ZE01EG03M"	"195"	"753"	"624"
"GLKT0ZE01B1MP6"	"195"	"753"	"601"
"GLKT0ZE01BDPVQ"	"195"	"753"	"624"
"GLKT0ZE01A9ARQ"	"195"	"753"	"624"
"GLKT0ZE01BMJGO"	"195"	"753"	"624"
"GLKT0ZE01CQZAR"	"195"	"753"	"624"
"GLKT0ZE01E2EBX"	"195"	"753"	"630"
"GLKT0ZE01B2O9X"	"195"	"753"	"643"
"GLKT0ZE01ATQK9"	"195"	"753"	"624"
"GLKT0ZE01AHDA1"	"195"	"753"	"610"
"GLKT0ZE01EI832"	"195"	"753"	"661"
"GLKT0ZE01D5TZ8"	"195"	"753"	"611"
"GLKT0ZE01B0ULM"	"195"	"753"	"618"
"GLKT0ZE01EUHHJ"	"195"	"753"	"624"
"GLKT0ZE01DAUNZ"	"394"	"853"	"620"
"GLKT0ZE01B694P"	"195"	"753"	"620"
"GLKT0ZE01A7GB3"	"195"	"753"	"624"
"GLKT0ZE01DG6W1"	"195"	"753"	"646"
"GLKT0ZE01EM8AI"	"195"	"753"	"630"
"GLKT0ZE01DY6KG"	"195"	"753"	"624"
"GLKT0ZE01DUPF5"	"195"	"753"	"624"
"GLKT0ZE01B8IZR"	"195"	"753"	"601"
"GLKT0ZE01CJ1VW"	"195"	"753"	"624"
"GLKT0ZE01EU682"	"195"	"753"	"624"
"GLKT0ZE01DBGUN"	"195"	"753"	"611"
"GLKT0ZE01D4KTJ"	"195"	"753"	"620"
"GLKT0ZE01B4D9I"	"195"	"753"	"630"
"GLKT0ZE01CBX15"	"195"	"753"	"619"
"GLKT0ZE01D0OBK"	"195"	"753"	"601"
"GLKT0ZE01D1JA1"	"195"	"753"	"624"
"GLKT0ZE01EUKK3"	"195"	"753"	"624"
"GLKT0ZE01CLJX0"	"195"	"753"	"638"
"GLKT0ZE01C0O9W"	"195"	"753"	"619"
"GLKT0ZE01D1MT7"	"195"	"753"	"620"
"GLKT0ZE01AEF0Y"	"195"	"753"	"601"
"GLKT0ZE01BDZ2O"	"195"	"753"	"624"
"GLKT0ZE01C9L5C"	"195"	"753"	"601"
"GLKT0ZE01ANLUG"	"195"	"753"	"643"
"GLKT0ZE01BANG6"	"195"	"753"	"625"
"GLKT0ZE01DC3J4"	"195"	"753"	"601"
"GLKT0ZE01E1RNV"	"994"	"1153"	"647"
"GLKT0ZE01CA0EY"	"195"	"753"	"611"
"GLKT0ZE01COFZN"	"195"	"753"	"624"
"GLKT0ZE01AE5ZL"	"195"	"753"	"601"
"GLKT0ZE01C3R7X"	"195"	"753"	"601"
"GLKT0ZE01AG64E"	"195"	"753"	"624"
"GLKT0ZE01A6E2G"	"195"	"753"	"620"
"GLKT0ZE01CHICV"	"195"	"753"	"620"
"GLKT0ZE01EIWAW"	"195"	"753"	"620"
"GLKT0ZE01AM9JT"	"195"	"753"	"625"
"GLKT0ZE01CXQIK"	"195"	"753"	"620"
"GLKT0ZE01BTMKN"	"195"	"753"	"601"
"GLKT0ZE01A0GDP"	"195"	"753"	"646"
"GLKT0ZE01D6KAF"	"195"	"753"	"601"
"GLKT0ZE01BBVRF"	"195"	"753"	"624"
"GLKT0ZE01CW10Z"	"195"	"753"	"620"
"GLKT0ZE01EK99U"	"195"	"753"	"601"
"GLKT0ZE01D4I8A"	"195"	"753"	"646"
"GLKT0ZE01CW1JM"	"195"	"753"	"624"
"GLKT0ZE01BXKZB"	"195"	"753"	"601"
"GLKT0ZE01DEABF"	"195"	"753"	"647"
"GLKT0ZE01AVGJ0"	"195"	"753"	"620"
"GLKT0ZE01CTSDC"	"195"	"753"	"624"
"GLKT0ZE01DZ77M"	"195"	"753"	"638"
"GLKT0ZE01BWH2R"	"195"	"753"	"624"
"GLKT0ZE01EINQ7"	"195"	"753"	"620"
"GLKT0ZE01DOXQS"	"195"	"753"	"625"
"GLKT0ZE01C5G3T"	"195"	"753"	"620"
"GLKT0ZE01A608I"	"195"	"753"	"601"
"GLKT0ZE01EYVPX"	"195"	"753"	"601"
"GLKT0ZE01D3FDZ"	"195"	"753"	"601"
"GLKT0ZE01B2LAF"	"195"	"753"	"601"
"GLKT0ZE01C8UZM"	"195"	"753"	"630"
"GLKT0ZE01COYD3"	"195"	"753"	"601"
"GLKT0ZE01C0GSO"	"195"	"753"	"624"
"GLKT0ZE01B8YZE"	"195"	"753"	"646"
"GLKT0ZE01A1I2R"	"195"	"753"	"601"
"GLKT0ZE01DK9DP"	"195"	"753"	"638"
"GLKT0ZE01E3VNC"	"195"	"753"	"644"
"GLKT0ZE01EVIOB"	"195"	"753"	"624"
"GLKT0ZE01CIIDQ"	"195"	"753"	"625"
"GLKT0ZE01AVNFH"	"195"	"753"	"630"
"GLKT0ZE01ENNQZ"	"195"	"753"	"630"
"GLKT0ZE01BW1YC"	"195"	"753"	"630"
"GLKT0ZE01D31US"	"195"	"753"	"624"
"GLKT0ZE01DO0Q9"	"195"	"753"	"624"
"GLKT0ZE01CSCAJ"	"195"	"753"	"620"
"GLKT0ZE01AOYGK"	"195"	"753"	"624"
"GLKT0ZE01D8BDZ"	"195"	"753"	"624"
"GLKT0ZE01CONKA"	"195"	"753"	"624"
"GLKT0ZE01D4CIK"	"195"	"753"	"630"
"GLKT0ZE01B833U"	"195"	"753"	"630"
"GLKT0ZE01BTTBG"	"195"	"753"	"661"
"GLKT0ZE01CS9BW"	"195"	"753"	"621"
"GLKT0ZE01AXY3I"	"195"	"753"	"624"
"GLKT0ZE01DGRUJ"	"195"	"753"	"598"
"GLKT0ZE01AY5F8"	"195"	"753"	"643"
"GLKT0ZE01ENDQ2"	"195"	"753"	"601"
"GLKT0ZE01AU9W1"	"195"	"753"	"624"
"GLKT0ZE01AFX15"	"195"	"753"	"630"
"GLKT0ZE01AZ1W8"	"195"	"753"	"638"
"GLKT0ZE01DEIRU"	"195"	"753"	"601"
"GLKT0ZE01BI24B"	"195"	"753"	"598"
"GLKT0ZE01EY4WF"	"195"	"753"	"630"
"GLKT0ZE01EH7Y6"	"195"	"753"	"638"
"GLKT0ZE01DF3S7"	"195"	"753"	"661"
"GLKT0ZE01DNHR0"	"195"	"753"	"625"
"GLKT0ZE01BFXCC"	"195"	"753"	"601"
"GLKT0ZE01DAS6B"	"195"	"753"	"601"
"GLKT0ZE01B4A73"	"195"	"753"	"620"
"GLKT0ZE01DZQ34"	"195"	"753"	"601"
"GLKT0ZE01BPHOX"	"195"	"753"	"624"
"GLKT0ZE01DEYL4"	"195"	"753"	"620"
"GLKT0ZE01DJTCY"	"195"	"753"	"611"
"GLKT0ZE01CGDT4"	"195"	"753"	"624"
"GLKT0ZE01CE0SW"	"195"	"753"	"622"
"GLKT0ZE01A4KAH"	"195"	"753"	"601"
"GLKT0ZE01CQGW9"	"195"	"753"	"630"
"GLKT0ZE01D5PZB"	"195"	"753"	"624"
"GLKT0ZE01BO4IX"	"195"	"753"	"638"
"GLKT0ZE01A6M2I"	"195"	"753"	"620"
"GLKT0ZE01CN9LU"	"195"	"753"	"630"
"GLKT0ZE01DGURZ"	"195"	"753"	"643"
"GLKT0ZE01BK3K5"	"195"	"753"	"638"
"GLKT0ZE01A1EB6"	"195"	"753"	"644"
"GLKT0ZE01CXL98"	"195"	"753"	"625"
"GLKT0ZE01A29FP"	"195"	"753"	"620"
"GLKT0ZE01DFXP9"	"195"	"753"	"624"
"GLKT0ZE01BHRSZ"	"195"	"753"	"647"
"GLKT0ZE01AG4BP"	"195"	"753"	"643"
"GLKT0ZE01B23TV"	"195"	"753"	"610"
"GLKT0ZE01BRKTX"	"195"	"753"	"620"
"GLKT0ZE01C7OCL"	"195"	"753"	"624"
"GLKT0ZE01DHOCJ"	"195"	"753"	"624"
"GLKT0ZE01BG9QQ"	"195"	"753"	"634"
"GLKT0ZE01CR6YJ"	"195"	"753"	"630"
"GLKT0ZE01DVERJ"	"195"	"753"	"661"
"GLKT0ZE01BY3LE"	"195"	"753"	"601"
"GLKT0ZE01CSJWR"	"195"	"753"	"661"
"GLKT0ZE01D5NYG"	"195"	"753"	"624"
"GLKT0ZE01EKXNU"	"195"	"753"	"624"
"GLKT0ZE01CBHEP"	"195"	"753"	"624"
"GLKT0ZE01CQMGN"	"195"	"753"	"624"
"GLKT0ZE01CHUDV"	"195"	"753"	"624"
"GLKT0ZE01ECXOD"	"195"	"753"	"624"
"GLKT0ZE01AZN0C"	"195"	"753"	"624"
"GLKT0ZE01EHL8Y"	"195"	"753"	"624"
"GLKT0ZE01CCUKM"	"195"	"753"	"661"
"GLKT0ZE01A7KFW"	"195"	"753"	"598"
"GLKT0ZE01B36ZU"	"195"	"753"	"646"
"GLKT0ZE01C2JY3"	"195"	"753"	"598"
"GLKT0ZE01B235F"	"195"	"753"	"630"
"GLKT0ZE01C7DUZ"	"195"	"753"	"630"
"GLKT0ZE01D7KOO"	"195"	"753"	"633"
"GLKT0ZE01ECSWF"	"195"	"753"	"624"
"GLKT0ZE01BXN7I"	"195"	"753"	"638"
"GLKT0ZE01ATTV5"	"195"	"753"	"624"
"GLKT0ZE01BQNIL"	"195"	"753"	"624"
"GLKT0ZE01A92UB"	"195"	"753"	"611"
"GLKT0ZE01C5Z2Q"	"195"	"753"	"601"
"GLKT0ZE01D3ARW"	"195"	"753"	"630"
"GLKT0ZE01C9R1C"	"195"	"753"	"625"
"GLKT0ZE01A0ZZT"	"195"	"753"	"620"
"GLKT0ZE01BWD7K"	"195"	"753"	"601"
"GLKT0ZE01BTKYL"	"195"	"753"	"630"
"GLKT0ZE01DUE2M"	"195"	"753"	"630"
"GLKT0ZE01DIMK2"	"195"	"753"	"601"
"GLKT0ZE01BD2XB"	"195"	"753"	"601"
"GLKT0ZE01CC69S"	"195"	"753"	"601"
"GLKT0ZE01AMQ5D"	"195"	"753"	"618"
"GLKT0ZE01EIR90"	"195"	"753"	"646"
"GLKT0ZE01EBSTZ"	"195"	"753"	"630"
"GLKT0ZE01DWRR8"	"195"	"753"	"624"
"GLKT0ZE01BAOZP"	"195"	"753"	"643"
"GLKT0ZE01EHGUU"	"195"	"753"	"624"
"GLKT0ZE01D54D0"	"195"	"753"	"635"
"GLKT0ZE01DGHXS"	"195"	"753"	"601"
"GLKT0ZE01C18JR"	"195"	"753"	"638"
"GLKT0ZE01DDVX3"	"195"	"753"	"638"
"GLKT0ZE01EAT7C"	"195"	"753"	"624"
"GLKT0ZE01BT8U8"	"195"	"753"	"620"
"GLKT0ZE01CC4KH"	"195"	"753"	"635"
"GLKT0ZE01CUTYW"	"195"	"753"	"611"
"GLKT0ZE01EE76Z"	"195"	"753"	"620"
"GLKT0ZE01CKJTQ"	"195"	"753"	"624"
"GLKT0ZE01EK6TG"	"195"	"753"	"624"
"GLKT0ZE01CYTAN"	"195"	"753"	"605"
"GLKT0ZE01BXIYX"	"195"	"753"	"624"
"GLKT0ZE01AQP7O"	"195"	"753"	"624"
"GLKT0ZE01C7J7M"	"195"	"753"	"624"
"GLKT0ZE01BV6WA"	"195"	"753"	"601"
"GLKT0ZE01EPVBA"	"195"	"753"	"624"
"GLKT0ZE01A9IMV"	"195"	"753"	"630"
"GLKT0ZE01CHENQ"	"195"	"753"	"624"
"GLKT0ZE01BCMDT"	"195"	"753"	"624"
"GLKT0ZE01D0WYK"	"195"	"753"	"619"
"GLKT0ZE01ET5YH"	"195"	"753"	"625"
"GLKT0ZE01C6ALQ"	"195"	"753"	"624"
"GLKT0ZE01C2HN1"	"195"	"753"	"624"
"GLKT0ZE01EWNNP"	"195"	"753"	"618"
"GLKT0ZE01C3VA1"	"195"	"753"	"624"
"GLKT0ZE01AFUIV"	"195"	"753"	"620"
"GLKT0ZE01ANKBR"	"195"	"753"	"638"
"GLKT0ZE01CDED6"	"195"	"753"	"601"
"GLKT0ZE01CJ55T"	"195"	"753"	"624"
"GLKT0ZE01DT4L6"	"195"	"753"	"620"
"GLKT0ZE01ES2WX"	"195"	"753"	"620"
"GLKT0ZE01EI23P"	"195"	"753"	"624"
"GLKT0ZE01CY9UX"	"195"	"753"	"610"
"GLKT0ZE01D5SJI"	"195"	"753"	"601"
"GLKT0ZE01BCC4H"	"195"	"753"	"601"
"GLKT0ZE01BU9KV"	"195"	"753"	"630"
"GLKT0ZE01A8U1H"	"195"	"753"	"611"
"GLKT0ZE01BNIC1"	"195"	"753"	"624"
"GLKT0ZE01AUSFL"	"195"	"753"	"601"
"GLKT0ZE01EGXWG"	"195"	"753"	"624"
"GLKT0ZE01DEUQ7"	"195"	"753"	"630"
"GLKT0ZE01D3NC2"	"195"	"753"	"624"
"GLKT0ZE01DG8MT"	"195"	"753"	"624"
"GLKT0ZE01CSRO3"	"195"	"753"	"624"
"GLKT0ZE01D88P0"	"195"	"753"	"624"
"GLKT0ZE01A6ZH5"	"195"	"753"	"609"
"GLKT0ZE01AVQ3L"	"195"	"753"	"643"
"GLKT0ZE01EHQ2R"	"195"	"753"	"620"
"GLKT0ZE01DXFRZ"	"195"	"753"	"624"
"GLKT0ZE01DFAEK"	"195"	"753"	"624"
"GLKT0ZE01EN5VD"	"195"	"753"	"630"
"GLKT0ZE01BSRPR"	"195"	"753"	"620"
"GLKT0ZE01C365T"	"195"	"753"	"624"
"GLKT0ZE01A1NPO"	"195"	"753"	"601"
"GLKT0ZE01E3EZR"	"195"	"753"	"612"
"GLKT0ZE01DWLRJ"	"195"	"753"	"624"
"GLKT0ZE01D0DS7"	"195"	"753"	"624"
"GLKT0ZE01A4UPM"	"195"	"753"	"601"
"GLKT0ZE01DNKTR"	"195"	"753"	"644"
"GLKT0ZE01BVE2I"	"195"	"753"	"624"
"GLKT0ZE01DSBIT"	"195"	"753"	"624"
"GLKT0ZE01C82II"	"195"	"753"	"620"
"GLKT0ZE01BNFK5"	"195"	"753"	"630"
"GLKT0ZE01CBSEB"	"195"	"753"	"601"
"GLKT0ZE01DCBVD"	"195"	"753"	"620"
"GLKT0ZE01BYS0B"	"195"	"753"	"624"
"GLKT0ZE01D22GC"	"195"	"753"	"601"
"GLKT0ZE01CCR3T"	"195"	"753"	"625"
"GLKT0ZE01BJ6A8"	"195"	"753"	"601"
"GLKT0ZE01DNNGY"	"195"	"753"	"621"
"GLKT0ZE01ER932"	"195"	"753"	"625"
"GLKT0ZE01B8H1Q"	"195"	"753"	"624"
"GLKT0ZE01D5DIM"	"195"	"753"	"601"
"GLKT0ZE01DYMHX"	"195"	"753"	"647"
"GLKT0ZE01BI35Q"	"195"	"753"	"601"
"GLKT0ZE01EA8PO"	"195"	"753"	"618"
"GLKT0ZE01EJ3MI"	"195"	"753"	"624"
"GLKT0ZE01COQIS"	"195"	"753"	"624"
"GLKT0ZE01AXUI3"	"195"	"753"	"601"
"GLKT0ZE01ANO2G"	"195"	"753"	"661"
"GLKT0ZE01EJH3N"	"195"	"753"	"635"
"GLKT0ZE01DX3P7"	"195"	"753"	"630"
"GLKT0ZE01AINU5"	"195"	"753"	"624"
"GLKT0ZE01CBB8I"	"195"	"753"	"601"
"GLKT0ZE01EAK1W"	"195"	"753"	"624"
"GLKT0ZE01DBD58"	"195"	"753"	"620"
"GLKT0ZE01EN9AC"	"195"	"753"	"610"
"GLKT0ZE01D6IP1"	"195"	"753"	"624"
"GLKT0ZE01BT6QU"	"195"	"753"	"624"
"GLKT0ZE01DSAGR"	"195"	"753"	"610"
"GLKT0ZE01CGA24"	"195"	"753"	"601"
"GLKT0ZE01CK075"	"195"	"753"	"650"
"GLKT0ZE01AI505"	"195"	"753"	"619"
"GLKT0ZE01DOAKB"	"195"	"753"	"638"
"GLKT0ZE01COE9K"	"195"	"753"	"601"
"GLKT0ZE01CUATA"	"195"	"753"	"625"
"GLKT0ZE01A54R3"	"195"	"753"	"628"
"GLKT0ZE01A1W23"	"195"	"753"	"620"
"GLKT0ZE01DR5VF"	"195"	"753"	"624"
"GLKT0ZE01BL01Y"	"195"	"753"	"624"
"GLKT0ZE01DMGJW"	"195"	"753"	"611"
"GLKT0ZE01DM7J5"	"195"	"753"	"630"
"GLKT0ZE01COCU7"	"195"	"753"	"621"
"GLKT0ZE01BEBXW"	"195"	"753"	"638"
"GLKT0ZE01BNFXU"	"195"	"753"	"624"
"GLKT0ZE01D9RAT"	"195"	"753"	"601"
"GLKT0ZE01DGVF3"	"195"	"753"	"598"
"GLKT0ZE01A4LR1"	"195"	"753"	"630"
"GLKT0ZE01A92DN"	"195"	"753"	"624"
"GLKT0ZE01AX6GD"	"195"	"753"	"620"
"GLKT0ZE01DI5TN"	"195"	"753"	"624"
"GLKT0ZE01BLS8P"	"195"	"753"	"646"
"GLKT0ZE01DVF18"	"195"	"753"	"601"
"GLKT0ZE01EYPON"	"195"	"753"	"618"
"GLKT0ZE01B6E96"	"195"	"753"	"601"
"GLKT0ZE01D9MUH"	"195"	"753"	"624"
"GLKT0ZE01BS4VF"	"195"	"753"	"624"
"GLKT0ZE01EADOS"	"195"	"753"	"601"
"GLKT0ZE01EDT0Y"	"195"	"753"	"611"
"GLKT0ZE01E1RI8"	"195"	"753"	"624"
"GLKT0ZE01BFXNS"	"195"	"753"	"598"
"GLKT0ZE01C8SOF"	"195"	"753"	"643"
"GLKT0ZE01E3I0R"	"195"	"753"	"624"
"GLKT0ZE01BHU93"	"195"	"753"	"630"
"GLKT0ZE01A5UWZ"	"195"	"753"	"611"
"GLKT0ZE01CPMDJ"	"195"	"753"	"639"
"GLKT0ZE01ASN3O"	"195"	"753"	"630"
"GLKT0ZE01C18ZH"	"195"	"753"	"631"
"GLKT0ZE01B5J6P"	"195"	"753"	"643"
"GLKT0ZE01ASN1M"	"195"	"753"	"620"
"GLKT0ZE01CCKLN"	"195"	"753"	"624"
"GLKT0ZE01BHR15"	"195"	"753"	"601"
"GLKT0ZE01DIHA1"	"195"	"753"	"624"
"GLKT0ZE01A5LVO"	"195"	"753"	"624"
"GLKT0ZE01DE71I"	"195"	"753"	"646"
"GLKT0ZE01CZ2RS"	"195"	"753"	"624"
"GLKT0ZE01DYZML"	"195"	"753"	"624"
"GLKT0ZE01BEKN7"	"195"	"753"	"624"
"GLKT0ZE01DYL0F"	"195"	"753"	"624"
"GLKT0ZE01B1BRW"	"195"	"753"	"601"
"GLKT0ZE01ESN6O"	"195"	"753"	"624"
"GLKT0ZE01BEB8T"	"195"	"753"	"624"
"GLKT0ZE01DXGE3"	"195"	"753"	"619"
"GLKT0ZE01C7I3O"	"195"	"753"	"601"
"GLKT0ZE01CMVM2"	"195"	"753"	"601"
"GLKT0ZE01DYKFX"	"195"	"753"	"618"
"GLKT0ZE01DHKPB"	"195"	"753"	"611"
"GLKT0ZE01AYUM8"	"195"	"753"	"601"
"GLKT0ZE01DOX9R"	"195"	"753"	"620"
"GLKT0ZE01DU2E1"	"195"	"753"	"624"
"GLKT0ZE01A9V7X"	"195"	"753"	"601"
"GLKT0ZE01BAL7K"	"195"	"753"	"630"
"GLKT0ZE01EJ1I3"	"195"	"753"	"620"
"GLKT0ZE01B2NKQ"	"195"	"753"	"624"
"GLKT0ZE01BT85N"	"195"	"753"	"624"
"GLKT0ZE01DL8LS"	"195"	"753"	"624"
"GLKT0ZE01EFOLH"	"195"	"753"	"624"
"GLKT0ZE01CYA9G"	"195"	"753"	"601"
"GLKT0ZE01BC3LD"	"195"	"753"	"610"
"GLKT0ZE01DITWU"	"195"	"753"	"638"
"GLKT0ZE01BAA5S"	"195"	"753"	"646"
"GLKT0ZE01D1FEY"	"195"	"753"	"630"
"GLKT0ZE01CP50M"	"195"	"753"	"601"
"GLKT0ZE01AN1GF"	"195"	"753"	"601"
"GLKT0ZE01BSLKI"	"195"	"753"	"638"
"GLKT0ZE01A84GX"	"195"	"753"	"624"
"GLKT0ZE01A83AV"	"195"	"753"	"601"
"GLKT0ZE01D2LH1"	"195"	"753"	"642"
"GLKT0ZE01BZNUA"	"195"	"753"	"624"
"GLKT0ZE01DL2IK"	"195"	"753"	"601"
"GLKT0ZE01DLU3A"	"195"	"753"	"624"
"GLKT0ZE01EIEOU"	"195"	"753"	"630"
"GLKT0ZE01D3YSR"	"195"	"753"	"661"
"GLKT0ZE01EDXHD"	"195"	"753"	"601"
"GLKT0ZE01BWN9P"	"195"	"753"	"630"
"GLKT0ZE01D1FJ2"	"195"	"753"	"624"
"GLKT0ZE01APMJZ"	"195"	"753"	"643"
"GLKT0ZE01BKYXJ"	"195"	"753"	"620"
"GLKT0ZE01DB80K"	"195"	"753"	"618"
"GLKT0ZE01DFTZ3"	"195"	"753"	"624"
"GLKT0ZE01AG8PH"	"195"	"753"	"643"
"GLKT0ZE01EA6KI"	"195"	"753"	"611"
"GLKT0ZE01AQXMF"	"195"	"753"	"624"
"GLKT0ZE01C0ZA9"	"195"	"753"	"624"
"GLKT0ZE01BBKQT"	"195"	"753"	"620"
"GLKT0ZE01DT5A3"	"195"	"753"	"624"
"GLKT0ZE01DL9RC"	"195"	"753"	"646"
"GLKT0ZE01BCP2B"	"195"	"753"	"624"
"GLKT0ZE01AHC37"	"195"	"753"	"601"
"GLKT0ZE01EIG2C"	"195"	"753"	"601"
"GLKT0ZE01EP0PU"	"195"	"753"	"620"
"GLKT0ZE01DFHXJ"	"195"	"753"	"631"
"GLKT0ZE01A8H8T"	"195"	"753"	"641"
"GLKT0ZE01CR532"	"195"	"753"	"618"
"GLKT0ZE01EHXR7"	"195"	"753"	"611"
"GLKT0ZE01CQZUF"	"195"	"753"	"611"
"GLKT0ZE01CZ6QM"	"195"	"753"	"624"
"GLKT0ZE01A6PFS"	"195"	"753"	"601"
"GLKT0ZE01EGFSZ"	"195"	"753"	"624"
"GLKT0ZE01B46QM"	"195"	"753"	"620"
"GLKT0ZE01EQKF0"	"195"	"753"	"625"
"GLKT0ZE01DBG23"	"195"	"753"	"646"
"GLKT0ZE01EVI2H"	"195"	"753"	"611"
"GLKT0ZE01EJ6OU"	"195"	"753"	"630"
"GLKT0ZE01AVR83"	"195"	"753"	"620"
"GLKT0ZE01CB1H1"	"195"	"753"	"647"
"GLKT0ZE01BX9FX"	"195"	"753"	"601"
"GLKT0ZE01BJ7UL"	"195"	"753"	"639"
"GLKT0ZE01DJYXV"	"195"	"753"	"601"
"GLKT0ZE01B9PW7"	"195"	"753"	"646"
"GLKT0ZE01EGV4J"	"195"	"753"	"611"
"GLKT0ZE01BJ19Y"	"195"	"753"	"630"
"GLKT0ZE01AU9U1"	"195"	"753"	"620"
"GLKT0ZE01DFJWW"	"195"	"753"	"601"
"GLKT0ZE01DCPRX"	"195"	"753"	"624"
"GLKT0ZE01ELTAO"	"195"	"753"	"624"
"GLKT0ZE01C6HBK"	"195"	"753"	"601"
"GLKT0ZE01APDZL"	"195"	"753"	"624"
"GLKT0ZE01BZ7AI"	"195"	"753"	"618"
"GLKT0ZE01BBN2Z"	"195"	"753"	"601"
"GLKT0ZE01BQUCE"	"195"	"753"	"624"
"GLKT0ZE01EN5JW"	"195"	"753"	"624"
"GLKT0ZE01C3G7F"	"195"	"753"	"600"
"GLKT0ZE01AWH64"	"195"	"753"	"601"
"GLKT0ZE01AUEBW"	"195"	"753"	"646"
"GLKT0ZE01EGI53"	"195"	"753"	"620"
"GLKT0ZE01AYCYV"	"195"	"753"	"624"
"GLKT0ZE01EMQXZ"	"195"	"753"	"624"
"GLKT0ZE01BHI2F"	"195"	"753"	"620"
"GLKT0ZE01D1DUL"	"195"	"753"	"624"
"GLKT0ZE01DSBE1"	"195"	"753"	"620"
"GLKT0ZE01ESBGW"	"195"	"753"	"624"
"GLKT0ZE01BJ28L"	"195"	"753"	"601"
"GLKT0ZE01BSA25"	"195"	"753"	"611"
"GLKT0ZE01C8CZN"	"195"	"753"	"601"
"GLKT0ZE01BIZY0"	"195"	"753"	"624"
"GLKT0ZE01B4WBC"	"195"	"753"	"624"
"GLKT0ZE01BFUM8"	"195"	"753"	"661"
"GLKT0ZE01EJ0QW"	"195"	"753"	"646"
"GLKT0ZE01BQP4R"	"195"	"753"	"601"
"GLKT0ZE01CXQFG"	"195"	"753"	"619"
"GLKT0ZE01CLM9K"	"195"	"753"	"601"
"GLKT0ZE01A9OKL"	"195"	"753"	"624"
"GLKT0ZE01AW420"	"195"	"753"	"624"
"GLKT0ZE01C6GIA"	"195"	"753"	"624"
"GLKT0ZE01EVIH0"	"195"	"753"	"625"
"GLKT0ZE01CJGSZ"	"195"	"753"	"624"
"GLKT0ZE01BKRSY"	"195"	"753"	"601"
"GLKT0ZE01DKJ1Z"	"195"	"753"	"601"
"GLKT0ZE01DHUBD"	"195"	"753"	"624"
"GLKT0ZE01C2GFZ"	"195"	"753"	"635"
"GLKT0ZE01COLND"	"195"	"753"	"611"
"GLKT0ZE01EMD0Y"	"195"	"753"	"624"
"GLKT0ZE01BAG7B"	"195"	"753"	"601"
"GLKT0ZE01CD78L"	"195"	"753"	"644"
"GLKT0ZE01C02N0"	"195"	"753"	"624"
"GLKT0ZE01ETPSH"	"195"	"753"	"625"
"GLKT0ZE01COBP8"	"195"	"753"	"644"
"GLKT0ZE01B14NX"	"195"	"753"	"601"
"GLKT0ZE01DGORA"	"195"	"753"	"643"
"GLKT0ZE01C0QN8"	"195"	"753"	"624"
"GLKT0ZE01BLNVF"	"195"	"753"	"624"
"GLKT0ZE01DKKLN"	"195"	"753"	"624"
"GLKT0ZE01AGLYJ"	"195"	"753"	"601"
"GLKT0ZE01BA33Q"	"195"	"753"	"630"
"GLKT0ZE01BFEUM"	"195"	"753"	"601"
"GLKT0ZE01BXR7G"	"195"	"753"	"624"
"GLKT0ZE01AQYL9"	"195"	"753"	"601"
"GLKT0ZE01CZQBN"	"195"	"753"	"611"
